0,Electric,Bruce Power,2013-10-15 11:04:17 PM,2013-11-09 8:20:45 PM,0
1,Heat,Direct Energy,2009-08-23 4:18:56 AM,2012-11-05 6:13:13 AM,1
2,Gas,Direct Energy,2013-09-04 10:24:06 PM,2013-09-20 10:37:15 PM,2
3,Heat,Union Gas,2009-09-14 1:30:33 AM,2011-08-21 6:10:39 AM,3
4,Heat,Union Gas,2013-07-21 9:57:48 AM,2013-07-24 9:04:22 AM,4
5,Heat,Bruce Power,2011-02-11 7:21:54 PM,2011-05-20 4:37:05 PM,5
6,Heat,Bruce Power,2012-03-05 8:08:17 PM,2012-03-22 6:16:24 PM,6
7,Heat,Union Gas,2013-12-09 11:40:55 PM,2013-12-18 4:55:49 AM,7
8,Heat,Bruce Power,2011-06-28 12:08:10 PM,2011-10-12 9:05:46 PM,8
9,Gas,Direct Energy,2010-11-22 6:30:23 AM,2013-12-17 4:27:01 AM,9
10,Electric,Union Gas,2013-11-21 8:23:13 PM,2013-11-29 4:03:47 PM,10
11,Gas,Direct Energy,2010-12-12 7:42:59 PM,2012-06-07 12:34:45 AM,11
12,Electric,Direct Energy,2009-02-01 8:24:49 PM,2013-11-11 6:29:54 AM,12
13,Electric,Union Gas,2013-06-06 9:13:30 PM,2013-10-28 8:32:57 AM,13
14,Electric,Direct Energy,2012-05-19 3:57:48 AM,2012-06-03 9:43:09 AM,14
15,Electric,Union Gas,2013-01-08 11:26:04 AM,2013-10-14 12:30:46 PM,15
16,Gas,Direct Energy,2011-08-28 9:50:37 PM,2013-07-23 12:55:50 AM,16
17,Electric,Direct Energy,2010-05-18 7:06:46 PM,2012-12-26 10:56:49 AM,17
18,Heat,Union Gas,2012-08-17 8:43:59 AM,2013-04-04 8:35:00 AM,18
19,Gas,Hydro One,2013-06-10 11:19:01 PM,2013-08-18 8:01:22 PM,19
20,Heat,Union Gas,2011-09-04 8:25:57 PM,2011-12-04 9:55:06 PM,20
21,Electric,Union Gas,2013-10-04 2:58:12 AM,2013-10-06 10:51:49 PM,21
22,Gas,Union Gas,2009-07-27 7:02:45 AM,2011-10-12 11:35:14 AM,22
23,Heat,Union Gas,2011-07-25 11:20:34 PM,2012-09-10 4:21:08 PM,23
24,Heat,Bruce Power,2011-09-15 9:16:44 PM,2011-12-04 5:43:41 AM,24
25,Gas,Union Gas,2013-03-01 4:21:14 AM,2013-05-02 6:07:25 PM,25
26,Gas,Hydro One,2012-12-15 9:20:05 AM,2013-02-17 6:17:15 PM,26
27,Heat,Hydro One,2010-04-08 8:24:02 AM,2010-05-29 3:52:36 AM,27
28,Gas,Bruce Power,2011-09-09 11:03:30 PM,2013-06-27 3:31:22 PM,28
29,Gas,Direct Energy,2009-03-07 9:16:30 AM,2009-06-04 10:04:16 AM,29
30,Electric,Direct Energy,2012-01-17 4:43:56 PM,2012-03-01 7:48:42 PM,30
31,Heat,Hydro One,2012-12-09 2:17:21 AM,2013-08-15 1:22:42 PM,31
32,Heat,Union Gas,2011-08-11 10:08:25 AM,2012-03-04 5:49:51 AM,32
33,Heat,Direct Energy,2012-10-13 9:19:09 PM,2013-02-09 6:18:15 AM,33
34,Electric,Bruce Power,2012-04-09 7:07:07 PM,2012-10-18 10:09:08 PM,34
35,Gas,Hydro One,2013-04-14 4:10:42 PM,2013-11-17 12:50:30 PM,35
36,Gas,Hydro One,2011-12-08 7:39:31 AM,2012-05-30 3:26:31 PM,36
37,Heat,Bruce Power,2013-06-13 3:26:01 AM,2013-09-08 8:56:44 AM,37
38,Electric,Bruce Power,2011-09-11 1:30:13 AM,2012-10-26 11:00:29 AM,38
39,Gas,Union Gas,2010-07-05 6:42:10 PM,2012-08-09 3:10:02 PM,39
40,Gas,Union Gas,2009-04-14 3:33:02 PM,2011-09-26 8:19:29 AM,40
41,Gas,Direct Energy,2010-06-20 10:47:04 PM,2013-01-09 1:19:03 PM,41
42,Heat,Union Gas,2009-04-21 2:25:50 AM,2009-09-04 2:53:29 AM,42
43,Heat,Direct Energy,2010-03-23 12:06:18 AM,2012-04-15 1:16:20 PM,43
44,Electric,Direct Energy,2010-11-20 7:43:41 PM,2013-05-22 3:25:33 PM,44
45,Gas,Direct Energy,2012-07-10 10:17:31 AM,2013-09-28 3:41:38 AM,45
46,Gas,Union Gas,2009-09-15 8:26:53 AM,2013-11-22 9:40:57 PM,46
47,Electric,Union Gas,2009-06-08 3:45:24 AM,2011-10-18 9:24:40 PM,47
48,Gas,Bruce Power,2011-07-14 7:37:46 AM,2013-10-24 4:32:49 PM,48
49,Gas,Hydro One,2012-11-25 9:34:13 AM,2013-12-24 4:47:07 PM,49
50,Heat,Direct Energy,2013-12-14 5:47:29 AM,2013-12-23 1:45:48 AM,50
51,Heat,Direct Energy,2010-06-05 6:03:58 PM,2012-07-20 7:15:39 PM,51
52,Heat,Bruce Power,2012-09-19 12:43:15 PM,2012-10-10 7:04:16 PM,52
53,Gas,Direct Energy,2011-02-26 5:25:09 AM,2013-12-07 5:17:42 PM,53
54,Electric,Hydro One,2010-12-05 11:51:28 AM,2012-12-11 3:29:01 PM,54
55,Heat,Hydro One,2013-07-24 4:44:13 PM,2013-08-28 10:48:02 AM,55
56,Heat,Hydro One,2012-04-27 1:58:59 AM,2012-05-15 9:17:34 PM,56
57,Electric,Hydro One,2011-01-19 7:56:50 AM,2012-02-02 4:50:32 AM,57
58,Electric,Bruce Power,2010-06-27 12:00:54 AM,2012-06-03 7:10:10 AM,58
59,Electric,Hydro One,2012-11-29 12:09:31 AM,2013-05-05 10:41:47 AM,59
60,Heat,Bruce Power,2009-07-31 4:46:35 PM,2011-03-01 8:06:14 PM,60
61,Heat,Union Gas,2009-10-01 9:43:31 PM,2009-11-30 8:36:14 PM,61
62,Gas,Union Gas,2010-11-27 9:58:19 PM,2013-09-02 5:27:11 PM,62
63,Electric,Hydro One,2012-10-14 1:46:35 PM,2013-05-20 10:00:49 AM,63
64,Electric,Hydro One,2011-02-26 6:00:00 PM,2011-08-18 4:33:15 PM,64
65,Heat,Union Gas,2013-04-10 2:11:32 AM,2013-10-17 3:18:38 AM,65
66,Gas,Direct Energy,2012-06-12 12:17:27 AM,2013-01-20 4:51:55 AM,66
67,Electric,Direct Energy,2009-04-06 9:23:09 AM,2012-10-16 11:56:23 PM,67
68,Gas,Direct Energy,2010-07-01 3:15:40 PM,2013-04-20 8:15:20 PM,68
69,Electric,Direct Energy,2012-06-28 6:46:52 PM,2013-12-20 10:05:19 PM,69
70,Heat,Bruce Power,2011-01-31 2:36:20 AM,2011-12-10 4:04:21 AM,70
71,Heat,Bruce Power,2009-06-23 11:59:21 PM,2013-08-22 11:13:48 PM,71
72,Gas,Hydro One,2012-03-14 1:44:45 PM,2013-11-27 3:56:26 PM,72
73,Gas,Bruce Power,2011-04-08 5:28:00 AM,2013-01-03 6:58:17 PM,73
74,Heat,Hydro One,2010-03-09 8:57:54 PM,2013-09-13 1:45:37 AM,74
75,Heat,Hydro One,2013-10-17 8:45:06 AM,2013-12-25 1:43:31 PM,75
76,Heat,Direct Energy,2011-07-13 4:54:34 PM,2012-07-22 7:17:17 AM,76
77,Heat,Direct Energy,2010-04-02 8:32:02 AM,2010-11-04 2:33:10 PM,77
78,Heat,Bruce Power,2011-05-02 9:30:13 AM,2012-12-08 5:22:13 AM,78
79,Heat,Direct Energy,2009-03-03 9:47:03 AM,2013-09-16 8:59:43 PM,79
80,Gas,Hydro One,2010-10-18 8:52:51 AM,2010-11-07 6:45:11 AM,80
81,Heat,Direct Energy,2009-01-26 8:44:54 PM,2010-03-27 2:04:18 AM,81
82,Electric,Hydro One,2011-08-23 4:38:06 PM,2012-05-17 8:20:11 AM,82
83,Electric,Direct Energy,2011-03-28 12:41:25 PM,2013-02-11 7:31:08 PM,83
84,Heat,Bruce Power,2011-06-26 1:06:11 PM,2013-08-29 4:39:50 PM,84
85,Electric,Hydro One,2013-03-06 9:40:56 AM,2013-10-24 12:08:43 PM,85
86,Electric,Direct Energy,2011-07-02 2:35:05 PM,2012-09-30 10:13:33 AM,86
87,Heat,Bruce Power,2010-10-02 7:34:55 AM,2013-10-01 10:30:03 PM,87
88,Gas,Bruce Power,2009-12-18 5:48:45 PM,2011-12-04 2:42:51 PM,88
89,Electric,Hydro One,2009-12-16 9:57:18 AM,2010-04-12 4:27:49 PM,89
90,Gas,Bruce Power,2010-06-21 5:31:07 PM,2013-09-19 3:15:55 PM,90
91,Heat,Bruce Power,2013-07-20 4:15:41 AM,2013-08-11 2:06:43 AM,91
92,Gas,Direct Energy,2012-01-08 2:31:42 PM,2012-07-17 6:19:22 PM,92
93,Heat,Bruce Power,2011-07-07 2:45:31 PM,2013-10-11 4:30:46 AM,93
94,Electric,Hydro One,2009-11-12 6:48:42 AM,2012-06-04 5:11:03 PM,94
95,Gas,Union Gas,2009-12-01 5:14:48 PM,2011-12-16 1:27:11 AM,95
96,Electric,Union Gas,2011-03-13 12:47:32 PM,2012-04-23 9:09:14 AM,96
97,Electric,Union Gas,2010-04-14 6:19:26 AM,2013-10-28 2:09:06 AM,97
98,Electric,Bruce Power,2009-12-16 8:27:39 AM,2011-03-18 10:25:58 AM,98
99,Gas,Bruce Power,2013-04-05 4:05:51 PM,2013-04-24 2:45:11 AM,99
100,Heat,Bruce Power,2013-03-01 9:17:09 AM,2013-07-22 3:44:09 PM,100
101,Heat,Hydro One,2010-07-25 5:53:56 PM,2013-11-06 9:47:58 PM,101
102,Heat,Union Gas,2010-01-17 5:48:50 PM,2013-01-24 5:57:29 AM,102
103,Electric,Bruce Power,2013-03-19 3:33:15 AM,2013-04-26 12:35:24 AM,103
104,Gas,Direct Energy,2009-09-16 7:04:36 PM,2013-10-10 12:58:13 AM,104
105,Gas,Union Gas,2010-09-15 2:24:27 AM,2011-01-22 3:19:01 PM,105
106,Electric,Union Gas,2013-10-05 4:40:59 PM,2013-11-16 2:57:34 AM,106
107,Gas,Hydro One,2011-09-05 6:05:56 PM,2011-10-14 9:21:50 PM,107
108,Gas,Union Gas,2009-05-21 6:36:28 AM,2013-07-09 3:18:09 PM,108
109,Electric,Union Gas,2009-03-21 2:30:08 AM,2013-10-25 9:49:28 PM,109
110,Electric,Bruce Power,2010-04-14 5:08:17 AM,2013-11-16 4:57:36 AM,110
111,Electric,Hydro One,2013-06-10 12:09:04 PM,2013-09-05 4:45:47 PM,111
112,Heat,Hydro One,2013-06-23 6:13:26 PM,2013-10-16 8:29:01 PM,112
113,Heat,Bruce Power,2012-09-27 7:39:35 PM,2013-04-08 2:39:10 AM,113
114,Heat,Direct Energy,2011-07-02 8:26:27 AM,2012-11-26 11:49:12 AM,114
115,Electric,Direct Energy,2011-06-10 4:59:16 PM,2013-10-31 8:14:13 AM,115
116,Electric,Direct Energy,2012-01-14 3:52:02 PM,2012-04-15 11:20:27 PM,116
117,Electric,Union Gas,2009-10-30 12:51:59 AM,2011-08-06 4:37:30 AM,117
118,Electric,Direct Energy,2011-12-21 8:56:52 AM,2012-03-18 1:27:06 PM,118
119,Gas,Direct Energy,2009-06-12 12:44:49 PM,2010-06-12 4:10:13 AM,119
120,Heat,Hydro One,2012-02-03 1:06:08 AM,2012-04-10 11:23:27 AM,120
121,Heat,Direct Energy,2009-04-13 8:14:53 PM,2011-06-21 6:50:46 PM,121
122,Gas,Hydro One,2010-01-31 8:15:57 PM,2012-10-04 1:43:45 PM,122
123,Heat,Hydro One,2013-11-06 12:26:33 PM,2013-12-07 3:47:05 PM,123
124,Electric,Direct Energy,2010-01-29 6:21:04 AM,2011-11-16 6:35:25 AM,124
125,Electric,Union Gas,2009-08-02 6:02:24 AM,2011-05-23 12:02:15 PM,125
126,Electric,Union Gas,2010-09-27 4:35:29 AM,2013-06-08 8:00:02 AM,126
127,Heat,Bruce Power,2010-08-13 8:32:07 AM,2011-05-31 9:06:42 PM,127
128,Electric,Union Gas,2009-09-04 2:24:41 AM,2011-08-15 4:33:15 PM,128
129,Electric,Hydro One,2009-11-15 5:57:21 AM,2013-08-21 5:40:45 AM,129
130,Electric,Bruce Power,2010-12-05 8:12:17 AM,2011-10-23 4:44:57 PM,130
131,Gas,Direct Energy,2012-01-08 9:24:16 AM,2012-05-12 6:47:32 AM,131
132,Heat,Bruce Power,2012-04-21 8:29:40 AM,2012-09-19 1:14:50 AM,132
133,Electric,Union Gas,2012-03-26 4:41:24 AM,2012-08-01 2:17:26 PM,133
134,Electric,Bruce Power,2010-05-26 3:19:57 PM,2010-06-26 1:47:47 AM,134
135,Heat,Union Gas,2012-01-12 3:35:00 PM,2013-10-24 10:31:04 AM,135
136,Heat,Union Gas,2010-06-25 5:42:05 PM,2011-07-21 9:07:17 AM,136
137,Gas,Bruce Power,2012-02-26 12:18:06 PM,2013-01-01 4:32:46 AM,137
138,Electric,Union Gas,2013-07-18 5:39:05 AM,2013-08-05 12:33:55 PM,138
139,Heat,Bruce Power,2013-12-18 7:26:58 AM,2013-12-23 5:39:59 AM,139
140,Heat,Bruce Power,2013-01-31 4:40:03 PM,2013-03-08 4:17:23 AM,140
141,Gas,Hydro One,2013-09-29 1:16:38 PM,2013-12-25 5:20:41 AM,141
142,Heat,Union Gas,2013-11-07 8:33:18 PM,2013-12-25 6:29:03 PM,142
143,Heat,Hydro One,2012-04-05 9:05:16 AM,2013-10-14 7:28:03 PM,143
144,Heat,Bruce Power,2011-09-30 10:16:08 PM,2013-01-27 2:31:48 AM,144
145,Electric,Union Gas,2013-01-06 4:34:55 AM,2013-06-07 4:28:43 AM,145
146,Electric,Direct Energy,2011-01-04 8:04:48 AM,2013-06-18 10:28:30 AM,146
147,Heat,Direct Energy,2011-07-26 4:20:21 PM,2012-05-28 3:20:56 PM,147
148,Heat,Direct Energy,2012-10-18 11:44:21 PM,2013-10-02 11:07:34 AM,148
149,Heat,Direct Energy,2012-10-14 9:14:05 AM,2013-06-23 7:28:30 AM,149
150,Heat,Hydro One,2010-05-27 8:15:10 PM,2013-01-12 4:42:33 PM,150
151,Electric,Union Gas,2009-12-09 12:03:59 PM,2012-06-10 10:51:06 AM,151
152,Heat,Direct Energy,2010-06-27 8:29:06 AM,2012-03-20 9:39:52 AM,152
153,Heat,Union Gas,2013-11-20 11:13:13 PM,2013-12-16 4:32:30 AM,153
154,Heat,Hydro One,2012-08-11 9:03:27 AM,2012-11-30 8:48:07 AM,154
155,Heat,Union Gas,2013-01-01 3:41:58 PM,2013-08-10 4:53:17 PM,155
156,Gas,Hydro One,2012-03-12 3:44:55 PM,2013-10-03 12:06:38 PM,156
157,Electric,Bruce Power,2010-10-05 11:06:38 PM,2011-04-17 10:06:07 PM,157
158,Heat,Union Gas,2013-06-27 4:37:50 PM,2013-07-13 8:29:48 PM,158
159,Heat,Hydro One,2013-09-30 3:34:00 AM,2013-10-25 11:32:13 AM,159
160,Heat,Bruce Power,2013-09-17 9:54:48 AM,2013-11-07 2:29:26 PM,160
161,Electric,Hydro One,2009-05-24 4:48:14 PM,2010-02-20 10:56:56 PM,161
162,Electric,Bruce Power,2012-09-07 11:02:01 PM,2013-05-24 4:01:46 PM,162
163,Gas,Hydro One,2009-09-15 9:25:57 AM,2010-02-22 6:16:02 AM,163
164,Heat,Direct Energy,2009-10-15 11:08:01 AM,2011-09-28 10:34:34 AM,164
165,Gas,Hydro One,2013-09-24 8:45:07 PM,2013-12-29 8:42:10 AM,165
166,Gas,Direct Energy,2011-10-22 11:49:00 AM,2013-04-22 10:53:13 PM,166
167,Heat,Union Gas,2011-05-21 12:42:10 AM,2011-06-19 6:21:55 AM,167
168,Heat,Direct Energy,2011-03-03 1:36:33 PM,2012-06-10 5:04:27 AM,168
169,Gas,Bruce Power,2010-04-23 2:26:09 AM,2010-12-19 3:29:14 PM,169
170,Heat,Direct Energy,2009-05-06 6:54:28 AM,2012-06-30 7:27:37 AM,170
171,Electric,Hydro One,2012-11-09 1:10:41 PM,2013-10-29 10:49:26 PM,171
172,Electric,Direct Energy,2009-02-22 12:42:12 PM,2010-05-06 5:13:05 AM,172
173,Gas,Union Gas,2009-09-20 9:48:28 PM,2013-03-16 8:04:43 PM,173
174,Electric,Bruce Power,2010-12-21 6:01:26 AM,2011-08-15 10:02:03 AM,174
175,Electric,Bruce Power,2010-10-23 11:00:10 AM,2011-06-24 5:26:12 PM,175
176,Heat,Union Gas,2009-09-04 7:29:37 PM,2010-04-10 5:18:03 PM,176
177,Gas,Hydro One,2012-06-28 8:56:35 AM,2013-08-15 11:27:31 AM,177
178,Electric,Bruce Power,2009-04-24 4:42:00 PM,2012-05-08 11:18:48 PM,178
179,Electric,Union Gas,2010-03-21 5:26:08 PM,2011-07-26 1:41:12 PM,179
180,Heat,Union Gas,2011-09-18 6:28:28 PM,2013-08-25 8:43:38 PM,180
181,Electric,Direct Energy,2009-08-31 11:40:15 AM,2013-11-17 9:10:22 PM,181
182,Heat,Union Gas,2011-10-19 4:30:00 PM,2013-02-06 9:42:58 AM,182
183,Heat,Union Gas,2013-07-09 5:05:08 AM,2013-10-03 7:37:48 AM,183
184,Gas,Direct Energy,2010-03-12 1:53:23 AM,2010-08-12 4:42:42 AM,184
185,Gas,Hydro One,2013-12-05 4:06:32 PM,2013-12-06 12:07:39 PM,185
186,Gas,Direct Energy,2011-10-31 9:08:08 PM,2013-02-05 5:48:17 PM,186
187,Electric,Direct Energy,2010-08-16 12:16:51 PM,2012-04-24 12:02:24 PM,187
188,Electric,Direct Energy,2013-06-04 8:49:13 PM,2013-07-31 12:35:25 AM,188
189,Gas,Union Gas,2009-11-19 5:38:09 PM,2011-10-16 10:14:48 AM,189
190,Electric,Hydro One,2011-06-06 11:12:49 PM,2013-06-07 7:56:34 PM,190
191,Gas,Bruce Power,2010-01-16 7:42:38 PM,2012-11-19 5:10:24 PM,191
192,Heat,Union Gas,2013-09-07 8:23:48 PM,2013-11-26 11:51:12 AM,192
193,Gas,Hydro One,2009-05-06 12:50:18 AM,2011-12-08 10:14:01 PM,193
194,Heat,Bruce Power,2011-03-14 1:06:32 AM,2013-04-28 3:19:05 PM,194
195,Electric,Hydro One,2010-03-21 8:34:43 AM,2012-01-05 5:12:56 PM,195
196,Gas,Direct Energy,2012-03-16 6:02:12 AM,2013-06-11 3:25:46 AM,196
197,Heat,Bruce Power,2009-01-27 6:35:37 AM,2012-01-21 12:41:22 PM,197
198,Electric,Bruce Power,2010-06-21 8:09:17 PM,2011-05-14 4:18:38 AM,198
199,Electric,Union Gas,2009-09-22 12:12:08 AM,2010-11-30 8:57:30 AM,199
200,Electric,Direct Energy,2013-08-02 9:44:18 PM,2013-09-15 9:28:28 PM,200
201,Electric,Bruce Power,2013-08-20 11:17:37 AM,2013-12-25 4:24:05 PM,201
202,Electric,Bruce Power,2010-04-05 6:01:18 AM,2012-11-10 7:33:18 AM,202
203,Electric,Union Gas,2009-02-13 12:15:28 PM,2010-02-04 7:22:37 AM,203
204,Electric,Bruce Power,2012-10-27 2:08:52 AM,2012-12-21 2:56:25 PM,204
205,Heat,Bruce Power,2011-03-06 3:58:58 AM,2013-11-18 9:50:31 AM,205
206,Electric,Direct Energy,2012-12-28 10:18:41 PM,2013-08-02 12:43:35 AM,206
207,Gas,Direct Energy,2012-03-20 8:18:11 PM,2013-10-28 1:45:43 AM,207
208,Heat,Union Gas,2009-04-05 7:01:56 PM,2013-12-23 2:26:04 AM,208
209,Electric,Hydro One,2009-10-27 8:53:19 AM,2010-06-03 9:32:10 PM,209
210,Heat,Union Gas,2010-02-09 9:19:01 AM,2013-05-10 7:14:46 PM,210
211,Heat,Bruce Power,2013-02-26 8:55:07 AM,2013-05-28 11:11:10 AM,211
212,Electric,Hydro One,2011-04-27 4:43:57 AM,2012-07-08 5:42:26 PM,212
213,Heat,Direct Energy,2009-05-19 1:29:04 AM,2012-07-31 4:39:21 AM,213
214,Heat,Direct Energy,2009-03-17 4:30:42 AM,2013-07-29 7:46:31 PM,214
215,Electric,Union Gas,2010-10-21 11:26:53 AM,2013-01-31 5:28:57 PM,215
216,Gas,Hydro One,2010-01-09 12:01:28 PM,2013-04-28 3:01:04 AM,216
217,Heat,Union Gas,2010-02-16 3:05:31 PM,2013-02-21 4:38:15 AM,217
218,Electric,Direct Energy,2012-05-11 1:55:04 AM,2013-05-12 7:23:05 AM,218
219,Electric,Direct Energy,2010-01-05 4:05:28 AM,2011-05-06 11:17:19 PM,219
220,Electric,Direct Energy,2012-09-22 5:29:38 AM,2013-05-14 12:12:11 PM,220
221,Electric,Bruce Power,2011-10-04 10:03:27 AM,2013-11-20 1:52:20 AM,221
222,Gas,Union Gas,2013-05-01 6:11:15 PM,2013-05-06 8:17:21 PM,222
223,Electric,Union Gas,2011-11-25 6:24:47 AM,2012-11-02 12:16:29 PM,223
224,Electric,Direct Energy,2009-10-31 3:39:02 PM,2013-11-14 1:42:30 AM,224
225,Heat,Bruce Power,2010-09-29 6:35:15 AM,2013-05-23 9:18:01 AM,225
226,Heat,Hydro One,2013-07-06 8:38:27 AM,2013-11-16 3:32:50 AM,226
227,Electric,Direct Energy,2013-01-10 4:13:36 PM,2013-08-04 11:12:54 PM,227
228,Heat,Union Gas,2010-11-23 2:23:52 AM,2012-06-15 9:31:49 PM,228
229,Electric,Bruce Power,2009-01-29 4:05:54 AM,2010-06-20 3:46:07 PM,229
230,Electric,Union Gas,2013-09-09 8:50:18 AM,2013-10-15 9:53:17 PM,230
231,Electric,Bruce Power,2011-10-15 9:32:50 AM,2012-10-03 8:10:08 PM,231
232,Heat,Union Gas,2010-03-20 11:41:54 AM,2013-02-21 12:52:10 AM,232
233,Electric,Union Gas,2009-12-30 5:47:16 AM,2013-11-29 10:13:05 AM,233
234,Electric,Union Gas,2010-10-26 7:10:05 PM,2012-01-27 4:52:48 AM,234
235,Heat,Union Gas,2013-03-01 10:10:06 AM,2013-03-30 5:22:32 AM,235
236,Heat,Direct Energy,2011-10-02 9:34:56 AM,2011-11-16 8:11:16 AM,236
237,Heat,Direct Energy,2013-11-01 6:19:17 AM,2013-11-21 4:19:24 PM,237
238,Electric,Direct Energy,2013-10-07 3:29:51 PM,2013-12-07 3:12:46 PM,238
239,Heat,Union Gas,2010-05-08 7:50:17 AM,2011-06-16 9:42:34 AM,239
240,Electric,Direct Energy,2013-08-02 6:21:35 PM,2013-08-29 9:36:35 PM,240
241,Gas,Hydro One,2010-11-17 5:05:00 PM,2011-05-28 4:49:46 AM,241
242,Gas,Direct Energy,2011-01-29 7:20:04 PM,2013-04-03 4:12:58 AM,242
243,Heat,Bruce Power,2013-07-13 9:33:39 AM,2013-12-04 2:50:57 AM,243
244,Gas,Hydro One,2011-02-19 3:10:07 AM,2013-02-17 4:45:10 PM,244
245,Electric,Bruce Power,2010-12-20 10:27:54 AM,2012-11-29 3:38:44 PM,245
246,Heat,Bruce Power,2013-05-26 8:28:25 PM,2013-08-02 6:06:25 AM,246
247,Electric,Hydro One,2011-05-16 11:16:41 AM,2013-03-08 11:56:21 AM,247
248,Electric,Union Gas,2009-05-30 5:53:52 AM,2010-06-24 2:19:24 AM,248
249,Heat,Union Gas,2013-03-02 5:09:20 AM,2013-04-20 8:20:33 PM,249
250,Gas,Bruce Power,2013-09-02 10:56:03 AM,2013-09-26 8:46:22 PM,250
251,Gas,Direct Energy,2011-09-05 3:05:05 PM,2012-04-06 12:42:37 AM,251
252,Heat,Direct Energy,2010-01-18 10:21:18 PM,2013-08-26 10:56:41 AM,252
253,Gas,Bruce Power,2013-10-23 7:54:10 PM,2013-12-24 11:30:59 AM,253
254,Electric,Hydro One,2011-10-17 8:18:49 PM,2013-09-05 1:47:44 AM,254
255,Electric,Direct Energy,2013-01-04 9:22:58 PM,2013-04-11 3:27:21 PM,255
256,Gas,Union Gas,2013-04-05 7:35:28 PM,2013-10-24 9:02:34 AM,256
257,Heat,Direct Energy,2009-02-14 10:40:24 AM,2010-10-03 4:11:39 AM,257
258,Heat,Union Gas,2009-03-05 10:33:44 PM,2011-03-01 11:25:30 AM,258
259,Heat,Union Gas,2012-09-18 11:30:29 PM,2013-11-17 4:26:37 AM,259
260,Electric,Hydro One,2011-02-03 1:35:43 AM,2012-02-12 6:51:50 AM,260
261,Electric,Union Gas,2013-04-23 7:40:06 AM,2013-06-17 7:34:09 AM,261
262,Gas,Hydro One,2013-08-13 4:05:55 PM,2013-11-08 2:42:26 AM,262
263,Electric,Bruce Power,2010-11-17 1:00:27 PM,2012-03-21 3:29:22 PM,263
264,Gas,Direct Energy,2013-05-21 12:12:11 AM,2013-09-25 1:31:03 AM,264
265,Heat,Direct Energy,2012-02-14 3:02:24 AM,2013-10-11 3:33:09 AM,265
266,Gas,Bruce Power,2012-05-19 2:26:03 PM,2012-06-04 10:09:23 PM,266
267,Gas,Hydro One,2012-10-27 2:22:51 AM,2013-04-14 12:46:48 AM,267
268,Gas,Hydro One,2012-06-15 2:50:31 PM,2012-12-13 11:49:39 PM,268
269,Electric,Union Gas,2013-09-22 8:51:04 AM,2013-10-20 5:52:10 AM,269
270,Electric,Hydro One,2011-03-31 3:50:20 PM,2013-09-18 8:05:29 AM,270
271,Gas,Bruce Power,2009-07-27 10:56:54 AM,2013-08-24 12:15:39 PM,271
272,Heat,Direct Energy,2010-08-09 12:32:41 AM,2013-07-02 12:53:58 PM,272
273,Electric,Direct Energy,2012-05-23 4:57:18 AM,2012-10-23 1:23:49 PM,273
274,Electric,Union Gas,2012-08-07 4:27:25 PM,2012-09-29 6:30:40 PM,274
275,Electric,Hydro One,2013-01-06 3:48:42 PM,2013-11-21 11:07:30 PM,275
276,Gas,Direct Energy,2010-09-24 10:31:49 PM,2013-11-15 3:29:55 PM,276
277,Gas,Bruce Power,2010-12-20 7:24:38 PM,2013-08-17 6:02:31 AM,277
278,Gas,Union Gas,2013-03-07 1:33:45 PM,2013-04-04 8:28:33 AM,278
279,Heat,Bruce Power,2010-09-08 2:36:35 AM,2013-02-14 9:34:04 PM,279
280,Heat,Bruce Power,2013-03-25 3:55:21 AM,2013-09-28 12:15:32 AM,280
281,Gas,Direct Energy,2011-09-03 11:11:59 PM,2011-09-27 7:37:23 AM,281
282,Electric,Direct Energy,2013-07-27 12:25:15 PM,2013-08-31 4:21:44 PM,282
283,Electric,Union Gas,2009-08-04 6:30:37 PM,2010-12-31 6:45:51 PM,283
284,Heat,Hydro One,2009-12-23 8:51:52 PM,2013-02-04 2:46:12 AM,284
285,Electric,Direct Energy,2013-10-07 3:31:48 AM,2013-10-14 10:44:40 AM,285
286,Heat,Hydro One,2012-12-14 10:10:42 AM,2013-11-01 8:41:23 AM,286
287,Electric,Hydro One,2009-03-11 4:11:33 PM,2011-07-12 4:07:44 AM,287
288,Gas,Bruce Power,2013-07-28 7:55:43 AM,2013-11-01 5:40:00 PM,288
289,Heat,Hydro One,2011-01-09 3:12:53 AM,2012-12-23 1:57:35 PM,289
290,Heat,Union Gas,2011-08-03 4:58:03 AM,2012-09-25 9:21:22 AM,290
291,Electric,Direct Energy,2011-07-28 1:42:54 PM,2013-12-02 4:46:28 AM,291
292,Electric,Union Gas,2013-02-25 4:31:32 AM,2013-11-27 3:29:22 AM,292
293,Gas,Union Gas,2009-10-26 6:46:33 PM,2011-08-24 4:16:28 PM,293
294,Gas,Hydro One,2013-06-05 12:21:03 AM,2013-10-10 2:13:36 PM,294
295,Heat,Direct Energy,2009-01-13 12:53:27 AM,2009-07-10 3:32:01 PM,295
296,Heat,Hydro One,2013-10-21 4:15:28 AM,2013-12-31 5:59:20 PM,296
297,Gas,Hydro One,2011-07-31 12:42:26 AM,2012-06-01 10:01:40 PM,297
298,Gas,Bruce Power,2013-05-13 3:30:38 PM,2013-10-25 6:09:33 PM,298
299,Electric,Union Gas,2011-07-31 11:54:31 PM,2012-08-21 3:05:09 AM,299
300,Gas,Hydro One,2011-08-03 5:14:35 AM,2012-07-04 2:26:26 PM,300
301,Gas,Bruce Power,2010-06-25 7:29:10 PM,2012-05-14 7:33:48 PM,301
302,Heat,Direct Energy,2013-01-03 7:31:05 AM,2013-05-14 6:18:12 PM,302
303,Heat,Direct Energy,2009-07-21 5:49:29 PM,2010-05-21 4:52:21 PM,303
304,Electric,Hydro One,2011-08-24 5:01:05 PM,2012-03-25 7:24:32 PM,304
305,Electric,Direct Energy,2012-07-16 10:10:58 AM,2012-12-30 1:43:44 AM,305
306,Gas,Union Gas,2011-02-26 2:47:44 PM,2013-09-20 8:09:42 PM,306
307,Electric,Bruce Power,2011-10-19 7:51:26 PM,2013-08-29 4:44:42 PM,307
308,Heat,Direct Energy,2011-02-05 10:06:59 AM,2013-05-29 9:40:49 PM,308
309,Electric,Bruce Power,2011-09-26 6:00:18 PM,2012-07-15 2:46:45 PM,309
310,Electric,Union Gas,2012-03-18 11:39:55 AM,2012-08-31 12:57:04 PM,310
311,Gas,Bruce Power,2011-06-22 10:21:46 PM,2012-09-28 8:43:23 PM,311
312,Gas,Union Gas,2010-04-19 11:12:16 AM,2011-07-27 3:12:43 AM,312
313,Electric,Direct Energy,2011-01-09 8:49:14 AM,2012-08-13 3:43:12 PM,313
314,Electric,Direct Energy,2011-06-25 11:35:34 AM,2013-02-19 1:35:46 AM,314
315,Heat,Hydro One,2009-11-03 11:53:31 AM,2012-05-09 7:28:58 AM,315
316,Heat,Direct Energy,2013-10-18 7:36:52 PM,2013-12-11 8:27:49 AM,316
317,Electric,Hydro One,2010-07-30 10:53:39 AM,2011-10-02 2:45:15 AM,317
318,Electric,Union Gas,2010-05-04 5:26:53 AM,2010-05-31 9:15:12 PM,318
319,Gas,Direct Energy,2012-07-01 5:23:32 AM,2012-07-22 7:51:11 AM,319
320,Electric,Hydro One,2013-03-11 6:03:29 AM,2013-05-23 3:48:26 AM,320
321,Electric,Bruce Power,2011-08-31 2:38:16 AM,2012-11-14 8:32:26 AM,321
322,Gas,Bruce Power,2012-11-14 12:34:40 AM,2013-06-11 12:49:11 AM,322
323,Gas,Bruce Power,2010-07-11 9:37:19 PM,2013-05-03 3:37:26 AM,323
324,Electric,Direct Energy,2011-11-02 8:08:13 PM,2013-08-18 11:57:36 PM,324
325,Heat,Direct Energy,2011-02-28 11:38:08 AM,2013-08-05 10:48:00 PM,325
326,Heat,Bruce Power,2011-02-20 12:01:24 PM,2013-08-20 4:55:40 PM,326
327,Electric,Union Gas,2009-01-06 9:34:13 AM,2013-12-17 12:14:10 PM,327
328,Heat,Hydro One,2010-06-11 9:23:58 PM,2012-11-29 3:49:39 PM,328
329,Heat,Hydro One,2013-10-30 1:25:04 AM,2013-12-02 2:30:14 AM,329
330,Heat,Bruce Power,2009-07-01 10:18:44 AM,2010-04-17 10:05:39 AM,330
331,Electric,Direct Energy,2009-12-10 6:07:52 AM,2012-12-21 10:52:36 PM,331
332,Heat,Hydro One,2010-02-01 2:52:28 PM,2013-05-27 6:47:59 PM,332
333,Gas,Bruce Power,2009-01-21 10:25:36 AM,2013-12-05 1:20:04 PM,333
334,Electric,Bruce Power,2009-10-24 6:44:22 AM,2011-05-27 10:20:32 PM,334
335,Electric,Bruce Power,2012-10-08 3:49:40 PM,2013-06-01 3:12:03 PM,335
336,Electric,Hydro One,2012-09-16 4:46:25 PM,2013-11-26 11:09:30 PM,336
337,Gas,Bruce Power,2010-11-03 11:12:40 PM,2013-10-20 9:42:56 PM,337
338,Heat,Union Gas,2012-07-31 2:37:22 AM,2013-12-09 2:48:30 PM,338
339,Heat,Union Gas,2011-06-21 7:13:34 AM,2013-06-24 11:01:29 AM,339
340,Gas,Hydro One,2013-03-23 5:51:06 PM,2013-05-11 9:39:05 AM,340
341,Gas,Bruce Power,2013-10-05 3:56:49 PM,2013-12-03 4:35:29 AM,341
342,Gas,Union Gas,2013-09-09 3:32:18 AM,2013-09-24 9:32:31 AM,342
343,Electric,Hydro One,2011-12-02 5:07:11 PM,2012-11-22 1:17:48 PM,343
344,Electric,Bruce Power,2011-10-08 12:41:20 AM,2012-07-22 4:57:44 PM,344
345,Gas,Direct Energy,2013-09-02 4:10:46 PM,2013-10-05 4:43:39 PM,345
346,Gas,Direct Energy,2013-02-09 10:56:43 AM,2013-03-24 2:06:35 PM,346
347,Heat,Bruce Power,2013-05-31 12:12:46 AM,2013-08-10 10:26:32 AM,347
348,Heat,Direct Energy,2011-03-17 11:08:27 PM,2013-01-15 1:11:43 AM,348
349,Heat,Direct Energy,2013-05-29 5:09:57 PM,2013-07-09 12:54:29 AM,349
350,Heat,Hydro One,2010-09-23 8:13:00 PM,2013-10-03 8:13:52 AM,350
351,Electric,Union Gas,2011-12-26 7:49:32 PM,2013-01-23 6:27:02 AM,351
352,Gas,Bruce Power,2010-07-25 8:54:10 PM,2010-09-11 9:28:33 AM,352
353,Gas,Direct Energy,2013-02-08 11:12:50 PM,2013-04-05 6:18:42 AM,353
354,Gas,Bruce Power,2009-09-25 1:11:42 AM,2010-01-31 10:31:34 PM,354
355,Gas,Hydro One,2010-10-25 10:00:36 PM,2013-11-19 9:58:05 AM,355
356,Gas,Bruce Power,2011-05-11 2:23:02 AM,2013-04-04 10:55:17 PM,356
357,Gas,Union Gas,2011-02-12 4:09:35 PM,2011-09-24 1:23:36 AM,357
358,Electric,Hydro One,2010-12-30 12:50:38 PM,2012-03-26 7:59:51 PM,358
359,Gas,Direct Energy,2011-11-18 3:27:45 PM,2013-01-01 7:52:22 AM,359
360,Electric,Bruce Power,2012-10-18 4:50:23 PM,2013-02-26 5:46:33 PM,360
361,Gas,Union Gas,2012-03-05 9:30:15 PM,2013-10-29 12:18:18 AM,361
362,Gas,Bruce Power,2012-07-06 8:48:59 AM,2013-11-26 4:17:09 PM,362
363,Gas,Hydro One,2011-06-07 5:15:52 AM,2013-05-15 10:29:13 AM,363
364,Heat,Hydro One,2013-06-14 11:20:44 PM,2013-12-18 11:21:51 PM,364
365,Gas,Direct Energy,2012-02-22 6:17:57 AM,2012-12-26 9:50:59 PM,365
366,Heat,Direct Energy,2013-01-29 7:04:53 PM,2013-05-28 7:52:10 AM,366
367,Electric,Bruce Power,2010-12-05 6:21:58 AM,2012-11-10 1:00:37 AM,367
368,Electric,Hydro One,2013-07-02 6:11:49 PM,2013-10-12 3:54:06 AM,368
369,Heat,Hydro One,2013-05-02 7:45:41 AM,2013-11-06 10:52:08 AM,369
370,Heat,Direct Energy,2012-07-23 9:00:33 PM,2012-08-30 8:42:48 PM,370
371,Heat,Bruce Power,2009-04-20 9:31:07 PM,2011-10-27 7:02:56 PM,371
372,Heat,Direct Energy,2012-06-17 7:32:52 AM,2013-01-27 6:31:35 PM,372
373,Heat,Hydro One,2013-08-27 11:00:27 PM,2013-11-26 9:57:23 PM,373
374,Electric,Bruce Power,2009-02-12 6:12:44 PM,2011-02-16 4:14:58 PM,374
375,Electric,Union Gas,2013-02-19 11:11:15 AM,2013-07-22 7:07:38 PM,375
376,Gas,Bruce Power,2012-03-03 2:56:17 PM,2012-10-06 9:54:48 PM,376
377,Electric,Direct Energy,2012-08-10 9:26:48 AM,2013-05-13 11:29:10 PM,377
378,Gas,Bruce Power,2013-05-12 6:58:49 AM,2013-09-19 8:04:13 AM,378
379,Electric,Hydro One,2013-10-20 12:10:47 PM,2013-11-23 12:13:41 AM,379
380,Electric,Bruce Power,2013-02-11 4:43:24 PM,2013-03-28 5:54:38 PM,380
381,Gas,Bruce Power,2009-06-29 4:04:33 PM,2010-09-18 1:25:12 PM,381
382,Electric,Direct Energy,2013-08-30 10:05:20 PM,2013-12-22 7:27:32 PM,382
383,Electric,Hydro One,2011-05-09 1:58:03 PM,2012-09-06 5:02:02 PM,383
384,Heat,Union Gas,2010-09-22 5:25:32 AM,2011-02-28 7:32:22 PM,384
385,Electric,Bruce Power,2012-11-17 5:24:45 AM,2013-07-06 4:35:18 AM,385
386,Electric,Bruce Power,2009-02-07 1:26:27 AM,2010-02-16 3:28:58 AM,386
387,Heat,Hydro One,2009-10-18 5:25:18 PM,2012-01-08 3:09:35 AM,387
388,Electric,Bruce Power,2009-12-15 9:01:12 AM,2012-11-23 9:17:48 PM,388
389,Electric,Hydro One,2009-04-11 6:54:08 AM,2012-12-28 10:32:15 PM,389
390,Electric,Direct Energy,2013-01-15 2:08:45 AM,2013-11-26 7:46:41 PM,390
391,Heat,Union Gas,2013-10-13 2:28:39 PM,2013-11-25 10:28:24 AM,391
392,Gas,Union Gas,2012-08-24 8:53:21 PM,2013-01-10 7:48:19 PM,392
393,Heat,Union Gas,2009-03-26 7:51:20 AM,2012-08-22 2:42:03 PM,393
394,Heat,Direct Energy,2009-01-27 9:05:02 PM,2011-06-16 1:26:55 PM,394
395,Electric,Bruce Power,2012-05-12 1:54:04 PM,2012-11-12 2:54:22 PM,395
396,Heat,Union Gas,2010-10-17 12:51:25 AM,2013-12-20 9:29:59 AM,396
397,Gas,Direct Energy,2013-09-14 1:52:00 PM,2013-09-28 4:46:50 PM,397
398,Heat,Hydro One,2011-12-17 1:00:03 PM,2013-11-22 8:43:09 PM,398
399,Electric,Direct Energy,2011-10-01 1:22:19 PM,2012-06-27 7:25:54 AM,399
400,Electric,Bruce Power,2010-01-16 1:38:17 AM,2010-06-16 4:38:09 AM,400
401,Gas,Bruce Power,2012-02-29 1:27:24 AM,2013-08-22 1:55:06 PM,401
402,Electric,Hydro One,2010-04-19 7:50:10 AM,2013-04-12 11:53:07 AM,402
403,Electric,Hydro One,2010-02-12 3:58:51 AM,2010-08-13 3:51:14 AM,403
404,Electric,Direct Energy,2010-12-04 12:24:58 AM,2012-09-05 7:54:11 PM,404
405,Gas,Hydro One,2010-08-11 7:07:14 AM,2013-09-28 9:13:28 PM,405
406,Electric,Direct Energy,2009-12-03 6:00:10 AM,2013-03-24 9:36:58 AM,406
407,Electric,Direct Energy,2010-12-02 4:36:02 PM,2013-10-27 8:13:33 PM,407
408,Gas,Bruce Power,2009-06-13 8:37:53 PM,2012-05-22 5:23:49 PM,408
409,Heat,Direct Energy,2012-05-16 3:55:10 PM,2012-07-27 8:10:26 AM,409
410,Heat,Direct Energy,2012-06-15 1:25:20 AM,2012-07-18 12:13:07 AM,410
411,Heat,Hydro One,2010-11-28 2:20:00 PM,2012-02-11 7:33:39 PM,411
412,Heat,Hydro One,2011-09-11 10:55:47 PM,2012-07-17 9:13:17 PM,412
413,Heat,Union Gas,2012-01-05 7:03:45 AM,2013-07-31 5:07:39 PM,413
414,Electric,Direct Energy,2010-04-02 5:12:16 AM,2013-02-09 6:19:43 AM,414
415,Heat,Union Gas,2010-05-13 1:32:13 PM,2012-08-15 10:06:22 PM,415
416,Heat,Union Gas,2012-10-18 2:08:56 PM,2012-10-24 4:19:49 PM,416
417,Heat,Hydro One,2009-10-13 2:00:54 AM,2010-02-02 6:45:39 PM,417
418,Electric,Bruce Power,2013-06-19 5:48:44 AM,2013-08-20 2:57:46 AM,418
419,Heat,Hydro One,2010-02-23 3:21:27 AM,2012-08-12 1:17:43 PM,419
420,Gas,Direct Energy,2013-09-23 10:31:56 PM,2013-12-05 6:11:27 AM,420
421,Heat,Direct Energy,2010-04-30 6:28:30 AM,2012-10-29 12:26:42 AM,421
422,Heat,Direct Energy,2012-03-29 5:10:56 PM,2012-04-08 4:01:34 PM,422
423,Electric,Hydro One,2012-05-13 7:22:00 PM,2013-10-30 4:22:26 PM,423
424,Gas,Bruce Power,2012-12-11 8:58:09 PM,2013-10-19 8:17:59 PM,424
425,Gas,Direct Energy,2010-08-21 4:44:42 PM,2011-04-01 5:31:52 PM,425
426,Electric,Direct Energy,2009-04-15 1:53:53 AM,2011-05-09 9:52:13 AM,426
427,Gas,Hydro One,2013-07-12 6:42:17 PM,2013-08-08 2:39:27 AM,427
428,Heat,Bruce Power,2012-07-21 5:07:00 AM,2012-11-17 7:21:59 AM,428
429,Gas,Union Gas,2009-10-07 6:36:59 AM,2011-09-06 12:53:36 PM,429
430,Gas,Union Gas,2009-12-12 4:13:19 AM,2011-01-22 12:12:08 AM,430
431,Heat,Bruce Power,2009-05-12 4:37:34 PM,2010-07-17 8:20:09 AM,431
432,Heat,Union Gas,2009-07-08 2:34:13 PM,2012-01-23 12:19:11 PM,432
433,Heat,Hydro One,2009-06-03 10:16:04 AM,2012-06-10 5:08:50 AM,433
434,Heat,Direct Energy,2012-05-27 8:13:10 AM,2012-07-15 6:18:37 PM,434
435,Electric,Union Gas,2010-01-29 5:38:37 PM,2013-04-17 11:49:06 AM,435
436,Gas,Hydro One,2011-12-21 12:28:16 PM,2013-01-01 5:11:01 PM,436
437,Gas,Direct Energy,2013-03-02 8:43:40 AM,2013-08-19 6:56:32 PM,437
438,Electric,Hydro One,2010-04-02 11:29:31 PM,2012-06-29 11:11:59 PM,438
439,Heat,Bruce Power,2009-07-10 7:53:58 AM,2012-01-25 11:08:45 AM,439
440,Gas,Bruce Power,2010-02-24 9:29:14 AM,2011-01-26 12:26:52 AM,440
441,Electric,Union Gas,2010-05-10 5:33:08 AM,2011-09-05 8:10:34 PM,441
442,Electric,Union Gas,2011-07-20 3:37:10 AM,2012-06-08 6:05:17 AM,442
443,Gas,Hydro One,2009-05-15 10:21:12 AM,2013-11-19 9:38:33 AM,443
444,Gas,Hydro One,2009-07-11 9:11:14 PM,2012-08-04 4:06:22 AM,444
445,Electric,Union Gas,2009-05-07 3:42:23 AM,2012-02-18 3:50:13 AM,445
446,Gas,Direct Energy,2012-09-04 1:43:56 PM,2013-09-16 10:34:43 AM,446
447,Gas,Direct Energy,2011-03-31 8:35:48 AM,2012-09-05 1:33:38 AM,447
448,Electric,Union Gas,2010-10-27 2:40:24 PM,2012-12-22 3:52:22 AM,448
449,Heat,Hydro One,2009-08-13 9:32:33 AM,2013-05-14 3:49:32 AM,449
450,Gas,Bruce Power,2010-02-19 3:58:47 PM,2012-08-24 10:46:52 PM,450
451,Electric,Bruce Power,2012-08-18 3:13:23 AM,2012-09-10 4:29:51 PM,451
452,Electric,Bruce Power,2011-10-11 1:48:23 AM,2013-09-24 11:30:49 PM,452
453,Gas,Bruce Power,2011-02-13 7:05:17 PM,2013-04-17 4:12:08 PM,453
454,Gas,Hydro One,2013-11-27 11:52:15 PM,2013-12-02 3:59:59 AM,454
455,Electric,Union Gas,2011-02-18 2:03:00 AM,2012-05-12 10:25:33 AM,455
456,Gas,Union Gas,2013-01-16 11:01:07 AM,2013-01-30 10:25:55 PM,456
457,Gas,Union Gas,2010-04-19 4:13:18 PM,2012-08-03 4:21:08 AM,457
458,Gas,Hydro One,2010-10-21 8:26:39 AM,2011-09-12 8:48:56 AM,458
459,Heat,Hydro One,2009-03-06 4:49:47 AM,2009-05-24 9:08:39 AM,459
460,Gas,Direct Energy,2013-05-20 10:08:43 AM,2013-05-29 8:41:50 PM,460
461,Electric,Hydro One,2013-10-18 6:36:21 AM,2013-10-22 1:10:00 PM,461
462,Gas,Union Gas,2011-06-09 4:04:10 PM,2012-07-29 10:50:49 AM,462
463,Heat,Hydro One,2013-08-17 3:00:15 AM,2013-09-23 1:31:30 AM,463
464,Heat,Union Gas,2013-08-08 10:21:06 AM,2013-08-14 5:13:35 AM,464
465,Gas,Union Gas,2010-01-31 12:49:43 PM,2013-01-16 10:49:41 PM,465
466,Gas,Union Gas,2010-06-20 1:21:01 AM,2013-01-28 3:27:19 PM,466
467,Electric,Bruce Power,2009-01-29 4:31:44 PM,2010-01-15 8:56:38 PM,467
468,Gas,Bruce Power,2010-12-15 2:52:18 AM,2011-10-04 8:55:19 PM,468
469,Electric,Bruce Power,2010-08-22 8:32:32 AM,2013-03-24 11:14:38 AM,469
470,Electric,Union Gas,2010-05-11 8:02:50 AM,2013-12-31 6:54:44 PM,470
471,Heat,Bruce Power,2011-06-04 10:51:42 PM,2012-10-28 11:34:14 AM,471
472,Gas,Direct Energy,2009-08-15 2:21:20 PM,2013-09-04 4:13:17 AM,472
473,Heat,Direct Energy,2010-04-29 2:40:49 AM,2012-02-15 8:52:54 PM,473
474,Gas,Union Gas,2010-09-08 3:59:46 PM,2013-02-16 1:39:58 AM,474
475,Electric,Bruce Power,2009-10-08 6:02:46 AM,2013-12-28 11:43:55 AM,475
476,Heat,Union Gas,2012-03-20 6:45:15 PM,2012-05-30 11:33:34 AM,476
477,Electric,Bruce Power,2012-10-26 4:01:50 PM,2013-04-05 1:30:53 AM,477
478,Heat,Bruce Power,2010-10-28 11:10:50 AM,2012-09-02 7:55:01 AM,478
479,Gas,Bruce Power,2010-03-07 1:56:42 AM,2010-06-08 7:02:15 AM,479
480,Heat,Union Gas,2011-02-15 4:24:53 PM,2013-03-28 5:50:40 AM,480
481,Gas,Hydro One,2011-01-31 7:40:08 AM,2011-07-18 6:29:41 AM,481
482,Gas,Direct Energy,2011-02-24 2:44:07 PM,2012-01-31 7:20:35 AM,482
483,Electric,Bruce Power,2013-04-21 3:52:19 PM,2013-07-22 3:23:20 AM,483
484,Electric,Hydro One,2011-06-16 4:16:37 AM,2012-04-19 2:41:14 PM,484
485,Heat,Bruce Power,2011-03-27 6:53:51 PM,2011-03-30 10:01:06 AM,485
486,Gas,Hydro One,2009-01-20 6:37:49 PM,2011-03-18 6:21:07 AM,486
487,Heat,Direct Energy,2011-02-27 7:25:46 PM,2013-08-10 6:30:54 AM,487
488,Electric,Hydro One,2011-08-21 5:24:00 PM,2013-05-08 5:43:29 AM,488
489,Electric,Bruce Power,2010-04-15 9:13:12 AM,2010-07-10 7:55:56 AM,489
490,Heat,Hydro One,2010-04-11 1:40:01 PM,2011-04-28 9:35:32 PM,490
491,Electric,Direct Energy,2011-07-09 8:18:37 PM,2012-05-11 6:00:02 AM,491
492,Electric,Union Gas,2010-03-27 10:35:32 PM,2010-05-08 7:39:24 PM,492
493,Electric,Hydro One,2012-03-16 5:30:16 AM,2013-04-07 1:15:38 PM,493
494,Gas,Hydro One,2009-01-25 11:33:35 PM,2013-03-16 10:16:39 PM,494
495,Gas,Hydro One,2010-10-17 8:23:24 PM,2013-02-11 9:27:15 AM,495
496,Gas,Union Gas,2009-02-02 8:43:05 AM,2013-09-18 5:47:30 PM,496
497,Gas,Bruce Power,2009-08-21 2:17:25 AM,2013-06-18 5:33:00 AM,497
498,Heat,Union Gas,2010-09-10 7:05:40 PM,2013-11-03 6:24:38 PM,498
499,Electric,Hydro One,2010-06-19 12:18:52 AM,2012-04-01 6:13:32 AM,499
500,Gas,Hydro One,2010-01-24 6:34:26 AM,2010-05-19 11:35:31 AM,500
501,Heat,Union Gas,2013-05-30 12:49:36 PM,2013-08-14 12:24:35 PM,501
502,Electric,Bruce Power,2011-02-13 11:19:32 AM,2012-01-25 4:10:19 PM,502
503,Heat,Union Gas,2010-04-09 12:20:55 AM,2010-09-14 10:54:12 PM,503
504,Electric,Hydro One,2011-05-12 4:04:51 PM,2013-09-30 7:03:50 PM,504
505,Heat,Direct Energy,2009-04-18 10:58:39 PM,2012-12-25 1:31:08 AM,505
506,Electric,Direct Energy,2012-08-01 7:44:39 PM,2012-10-29 10:15:25 AM,506
507,Heat,Union Gas,2010-03-29 1:13:42 PM,2012-09-17 5:15:42 PM,507
508,Electric,Bruce Power,2011-02-16 3:34:42 PM,2013-10-16 6:48:13 PM,508
509,Electric,Bruce Power,2010-09-22 7:23:56 AM,2011-04-20 8:49:11 AM,509
510,Electric,Hydro One,2012-07-02 3:18:03 AM,2013-10-24 3:21:23 PM,510
511,Electric,Bruce Power,2013-10-29 2:56:18 AM,2013-11-24 12:43:29 PM,511
512,Electric,Hydro One,2009-12-08 7:24:38 AM,2013-08-13 6:03:47 PM,512
513,Gas,Hydro One,2012-08-30 7:38:08 PM,2013-09-13 7:58:37 PM,513
514,Gas,Hydro One,2012-02-16 7:53:11 AM,2012-02-18 7:59:13 PM,514
515,Electric,Bruce Power,2013-05-31 8:55:36 PM,2013-09-01 8:07:57 AM,515
516,Heat,Direct Energy,2009-07-06 6:49:58 PM,2013-12-23 4:26:03 AM,516
517,Heat,Direct Energy,2011-06-06 8:24:38 PM,2011-08-30 7:41:01 AM,517
518,Gas,Direct Energy,2011-09-22 4:59:27 AM,2013-02-11 10:41:01 AM,518
519,Gas,Direct Energy,2013-03-27 5:11:46 AM,2013-06-15 7:46:05 PM,519
520,Heat,Bruce Power,2010-11-15 2:37:37 PM,2012-05-25 6:50:53 PM,520
521,Electric,Bruce Power,2009-12-15 5:21:21 PM,2013-05-23 2:29:05 PM,521
522,Heat,Bruce Power,2009-03-05 11:13:37 AM,2010-11-03 11:11:43 PM,522
523,Heat,Hydro One,2010-02-22 12:59:40 AM,2013-02-17 11:11:01 AM,523
524,Electric,Hydro One,2009-07-19 10:40:59 AM,2013-12-24 10:47:24 AM,524
525,Heat,Bruce Power,2009-02-14 7:19:00 AM,2013-01-29 9:23:08 PM,525
526,Electric,Direct Energy,2013-03-08 3:18:25 AM,2013-09-18 1:01:25 PM,526
527,Gas,Bruce Power,2009-11-05 10:48:55 AM,2013-06-22 8:49:23 AM,527
528,Electric,Hydro One,2010-08-10 6:42:30 PM,2012-01-10 10:43:17 PM,528
529,Electric,Hydro One,2010-01-16 6:34:50 AM,2013-08-06 10:58:40 PM,529
530,Gas,Union Gas,2013-05-27 3:00:04 PM,2013-09-02 11:13:43 AM,530
531,Heat,Union Gas,2012-11-28 8:27:33 PM,2013-02-10 12:04:23 PM,531
532,Gas,Hydro One,2013-09-10 7:36:50 PM,2013-11-25 8:52:27 AM,532
533,Electric,Hydro One,2009-03-29 2:22:49 AM,2011-03-08 4:25:28 AM,533
534,Gas,Hydro One,2012-03-25 5:48:33 AM,2013-10-17 5:12:23 AM,534
535,Heat,Union Gas,2013-03-10 2:50:48 AM,2013-08-02 3:45:23 AM,535
536,Gas,Hydro One,2012-04-25 9:46:01 PM,2013-09-01 2:42:06 AM,536
537,Gas,Bruce Power,2013-03-25 1:30:20 AM,2013-07-11 10:28:37 PM,537
538,Heat,Bruce Power,2011-09-21 1:09:45 PM,2012-08-12 10:26:19 AM,538
539,Gas,Union Gas,2012-06-03 7:06:39 PM,2013-04-30 7:13:23 PM,539
540,Gas,Direct Energy,2010-12-04 6:26:53 PM,2011-08-31 4:53:23 AM,540
541,Gas,Direct Energy,2013-10-25 9:51:25 AM,2013-11-29 1:00:51 AM,541
542,Gas,Direct Energy,2010-06-28 12:27:09 AM,2011-09-10 2:25:31 AM,542
543,Gas,Union Gas,2013-04-20 10:06:47 PM,2013-09-30 2:30:24 AM,543
544,Heat,Bruce Power,2013-04-27 10:09:19 PM,2013-08-05 5:48:08 AM,544
545,Heat,Hydro One,2010-07-28 10:11:35 AM,2012-08-19 3:43:06 AM,545
546,Gas,Hydro One,2012-01-26 1:40:09 AM,2013-10-26 12:40:22 PM,546
547,Electric,Bruce Power,2012-10-28 6:50:53 AM,2013-02-08 7:04:19 AM,547
548,Electric,Hydro One,2013-10-22 2:36:43 PM,2013-12-14 4:15:02 PM,548
549,Heat,Union Gas,2009-01-14 5:08:27 AM,2012-05-17 1:51:42 AM,549
550,Electric,Union Gas,2009-08-05 1:11:38 AM,2013-01-03 9:45:13 PM,550
551,Gas,Bruce Power,2011-09-25 11:03:04 PM,2011-10-16 11:51:29 PM,551
552,Electric,Union Gas,2010-01-30 2:24:27 AM,2012-01-19 7:46:27 AM,552
553,Heat,Bruce Power,2011-11-16 6:15:42 AM,2012-07-19 6:14:08 AM,553
554,Electric,Direct Energy,2013-03-22 5:36:03 PM,2013-09-25 2:07:17 PM,554
555,Gas,Hydro One,2012-10-09 12:10:47 AM,2013-07-21 8:39:21 PM,555
556,Heat,Hydro One,2013-09-16 5:06:13 PM,2013-12-06 3:09:46 AM,556
557,Gas,Union Gas,2013-08-08 4:50:05 PM,2013-12-05 12:26:59 PM,557
558,Electric,Hydro One,2010-08-14 12:30:23 PM,2013-03-06 7:17:45 AM,558
559,Gas,Bruce Power,2013-09-03 1:34:04 PM,2013-09-03 4:13:23 PM,559
560,Gas,Bruce Power,2010-09-07 10:59:48 PM,2012-03-09 8:46:15 AM,560
561,Heat,Hydro One,2010-10-10 2:30:32 AM,2011-02-19 4:30:42 AM,561
562,Gas,Hydro One,2013-10-24 3:01:45 PM,2013-11-08 8:04:47 AM,562
563,Gas,Bruce Power,2012-12-16 8:33:14 AM,2013-09-06 2:33:30 PM,563
564,Heat,Direct Energy,2013-07-04 4:38:49 PM,2013-08-02 8:14:15 PM,564
565,Electric,Union Gas,2012-05-20 10:31:44 AM,2012-10-11 3:24:48 PM,565
566,Electric,Union Gas,2013-11-19 10:04:33 PM,2013-12-14 11:01:48 PM,566
567,Gas,Hydro One,2009-08-04 1:53:29 PM,2012-01-30 1:28:33 AM,567
568,Electric,Union Gas,2009-12-01 7:54:58 PM,2011-12-23 1:48:44 PM,568
569,Heat,Direct Energy,2010-12-30 8:35:17 PM,2013-11-13 4:37:49 PM,569
570,Gas,Union Gas,2012-06-21 2:35:19 PM,2012-06-23 7:38:49 AM,570
571,Electric,Direct Energy,2013-04-10 5:14:25 PM,2013-10-13 11:26:55 PM,571
572,Electric,Hydro One,2010-06-04 5:39:09 AM,2012-07-03 8:59:31 AM,572
573,Gas,Union Gas,2011-01-30 7:12:46 PM,2012-12-11 2:23:59 PM,573
574,Heat,Hydro One,2009-05-12 7:31:14 PM,2012-01-04 3:50:32 AM,574
575,Electric,Union Gas,2013-07-11 2:20:28 PM,2013-10-26 6:19:36 PM,575
576,Heat,Union Gas,2009-06-09 1:05:09 AM,2011-09-02 2:19:26 PM,576
577,Gas,Hydro One,2012-03-14 2:56:48 PM,2012-04-10 12:36:49 PM,577
578,Heat,Union Gas,2009-01-19 12:16:56 PM,2011-12-27 12:37:28 PM,578
579,Electric,Direct Energy,2010-04-24 1:49:05 AM,2012-07-01 10:37:49 AM,579
580,Heat,Direct Energy,2010-02-24 5:02:54 AM,2010-04-07 4:40:07 AM,580
581,Electric,Direct Energy,2009-04-07 11:38:28 AM,2009-05-22 8:45:23 PM,581
582,Electric,Bruce Power,2010-07-12 1:30:08 PM,2012-02-20 9:52:26 PM,582
583,Electric,Hydro One,2012-10-13 8:03:59 AM,2012-11-22 12:24:25 PM,583
584,Electric,Hydro One,2009-03-08 8:34:48 AM,2009-07-11 6:19:52 AM,584
585,Heat,Bruce Power,2009-10-06 11:48:10 AM,2013-05-29 3:00:14 PM,585
586,Gas,Bruce Power,2011-12-02 11:32:52 PM,2013-08-11 7:42:40 PM,586
587,Gas,Hydro One,2013-12-15 12:03:03 PM,2013-12-29 11:35:19 PM,587
588,Heat,Hydro One,2010-10-01 5:05:56 AM,2011-12-24 2:15:30 AM,588
589,Heat,Bruce Power,2009-12-08 9:27:18 PM,2013-03-03 6:29:06 PM,589
590,Heat,Direct Energy,2013-04-15 7:50:55 AM,2013-08-30 9:04:31 PM,590
591,Gas,Hydro One,2013-10-27 2:42:27 AM,2013-12-21 4:50:11 AM,591
592,Gas,Bruce Power,2013-02-28 12:21:37 PM,2013-05-24 1:45:26 AM,592
593,Gas,Union Gas,2011-12-13 4:18:05 AM,2012-11-06 10:48:17 PM,593
594,Heat,Direct Energy,2011-06-25 4:06:18 AM,2012-08-22 12:51:33 PM,594
595,Heat,Union Gas,2011-10-19 1:10:36 AM,2011-12-14 8:25:32 PM,595
596,Electric,Direct Energy,2012-03-21 8:49:42 AM,2013-11-07 8:51:26 PM,596
597,Heat,Union Gas,2011-06-01 10:57:06 PM,2013-09-28 1:20:33 AM,597
598,Heat,Bruce Power,2010-11-11 8:56:19 PM,2013-07-26 2:17:52 AM,598
599,Electric,Bruce Power,2012-05-21 2:49:55 PM,2013-08-28 10:40:12 AM,599
600,Heat,Hydro One,2013-08-28 3:06:16 AM,2013-09-06 8:47:42 AM,600
601,Electric,Hydro One,2009-08-18 12:29:44 AM,2010-09-16 10:51:29 AM,601
602,Heat,Union Gas,2012-03-09 3:08:20 AM,2012-11-02 11:20:07 AM,602
603,Gas,Union Gas,2013-02-19 6:59:35 PM,2013-04-30 8:56:11 AM,603
604,Electric,Direct Energy,2010-04-09 1:31:51 AM,2012-04-20 12:45:58 AM,604
605,Heat,Direct Energy,2009-11-05 5:37:37 PM,2010-02-08 9:25:53 PM,605
606,Electric,Bruce Power,2013-04-10 4:19:30 AM,2013-11-24 3:38:21 AM,606
607,Heat,Direct Energy,2012-10-04 7:04:13 AM,2013-01-21 5:15:22 PM,607
608,Heat,Hydro One,2010-05-09 3:53:58 AM,2013-06-29 4:13:54 PM,608
609,Heat,Bruce Power,2012-04-30 12:49:26 PM,2012-05-03 9:27:48 PM,609
610,Heat,Hydro One,2010-07-09 12:01:24 AM,2011-03-04 3:39:36 PM,610
611,Gas,Direct Energy,2012-02-07 3:51:43 AM,2012-09-21 8:12:55 PM,611
612,Heat,Direct Energy,2010-10-15 1:22:51 AM,2010-12-17 4:43:13 AM,612
613,Electric,Union Gas,2009-01-29 10:49:52 AM,2011-08-06 7:40:25 AM,613
614,Gas,Union Gas,2012-10-31 1:50:30 PM,2013-12-20 1:53:36 AM,614
615,Gas,Hydro One,2009-05-09 8:47:50 PM,2010-03-06 5:43:00 PM,615
616,Electric,Direct Energy,2011-08-21 5:58:39 PM,2011-11-12 1:58:00 AM,616
617,Gas,Hydro One,2011-11-01 12:38:27 PM,2012-04-17 1:38:25 PM,617
618,Electric,Union Gas,2012-05-23 9:47:21 AM,2013-03-20 2:10:13 PM,618
619,Gas,Union Gas,2012-03-16 12:53:59 PM,2012-12-27 11:43:54 AM,619
620,Electric,Direct Energy,2010-09-28 10:26:53 PM,2012-02-13 1:36:39 AM,620
621,Electric,Union Gas,2010-03-06 8:11:48 PM,2012-08-31 6:34:01 PM,621
622,Heat,Hydro One,2011-11-20 4:53:18 AM,2013-04-23 9:15:03 PM,622
623,Heat,Direct Energy,2009-08-05 7:40:32 PM,2010-03-06 11:12:00 AM,623
624,Gas,Union Gas,2010-03-28 4:49:14 AM,2010-09-04 4:53:13 PM,624
625,Gas,Direct Energy,2009-12-08 10:00:46 PM,2011-12-24 9:51:15 PM,625
626,Gas,Direct Energy,2009-08-04 8:35:13 PM,2010-11-13 6:31:54 AM,626
627,Gas,Union Gas,2013-07-30 9:43:02 AM,2013-08-20 10:01:38 AM,627
628,Electric,Bruce Power,2009-05-09 4:34:17 PM,2009-12-21 7:29:50 PM,628
629,Heat,Bruce Power,2010-02-25 2:21:05 AM,2010-03-04 5:16:14 PM,629
630,Heat,Bruce Power,2009-10-19 5:00:47 PM,2011-11-26 7:37:55 AM,630
631,Gas,Union Gas,2010-10-31 4:36:39 AM,2013-05-26 3:35:08 PM,631
632,Heat,Union Gas,2010-12-31 6:13:39 AM,2011-07-25 9:08:03 AM,632
633,Gas,Union Gas,2010-12-13 12:37:32 PM,2013-06-08 4:02:07 PM,633
634,Gas,Hydro One,2011-04-15 8:51:10 PM,2012-08-04 11:11:35 AM,634
635,Heat,Bruce Power,2011-09-06 5:57:20 AM,2013-08-01 12:37:11 AM,635
636,Electric,Direct Energy,2011-02-07 2:37:59 AM,2013-06-18 11:35:20 AM,636
637,Heat,Union Gas,2011-09-26 8:29:34 PM,2013-10-16 5:06:18 AM,637
638,Gas,Direct Energy,2009-02-17 2:58:10 PM,2013-05-16 11:13:42 AM,638
639,Gas,Direct Energy,2012-04-12 9:00:14 AM,2013-08-03 12:13:18 AM,639
640,Heat,Bruce Power,2010-09-10 4:36:29 AM,2013-02-17 5:08:08 PM,640
641,Electric,Hydro One,2010-12-10 2:05:19 PM,2012-11-29 12:00:37 PM,641
642,Electric,Direct Energy,2011-01-24 2:31:48 PM,2011-02-28 8:30:17 PM,642
643,Gas,Union Gas,2009-09-08 2:55:44 AM,2010-07-21 5:57:50 PM,643
644,Heat,Direct Energy,2009-08-15 11:27:31 PM,2012-12-14 5:58:27 PM,644
645,Gas,Direct Energy,2009-12-19 9:39:24 PM,2011-11-22 3:42:57 PM,645
646,Gas,Direct Energy,2009-04-20 11:07:55 AM,2009-09-03 3:44:21 PM,646
647,Gas,Hydro One,2010-02-28 1:20:49 AM,2010-06-30 5:30:46 PM,647
648,Heat,Hydro One,2011-09-24 3:50:09 PM,2012-08-24 12:27:25 PM,648
649,Heat,Hydro One,2010-07-21 1:48:47 PM,2013-05-09 3:12:48 AM,649
650,Heat,Bruce Power,2010-06-12 11:13:41 PM,2012-09-12 1:52:05 PM,650
651,Gas,Bruce Power,2011-03-24 1:24:46 AM,2013-03-03 9:47:02 AM,651
652,Heat,Union Gas,2011-03-20 2:51:10 AM,2011-03-24 8:57:57 PM,652
653,Gas,Hydro One,2009-02-08 9:36:43 PM,2011-05-09 9:53:01 PM,653
654,Gas,Bruce Power,2010-09-21 9:07:08 AM,2012-08-08 6:29:49 PM,654
655,Heat,Union Gas,2011-05-06 4:27:59 PM,2012-07-10 5:25:16 PM,655
656,Heat,Union Gas,2009-08-24 10:12:46 AM,2010-06-03 5:21:40 AM,656
657,Gas,Direct Energy,2009-04-02 4:37:01 PM,2011-09-09 3:33:38 PM,657
658,Heat,Direct Energy,2013-12-19 9:18:53 PM,2013-12-24 12:22:15 AM,658
659,Gas,Bruce Power,2012-02-21 7:13:30 AM,2012-06-12 5:33:05 AM,659
660,Gas,Bruce Power,2011-11-14 9:56:34 AM,2013-12-24 9:15:54 AM,660
661,Gas,Direct Energy,2013-06-01 8:29:50 PM,2013-10-25 8:11:29 PM,661
662,Electric,Bruce Power,2009-08-26 1:23:50 PM,2013-05-15 3:18:37 PM,662
663,Gas,Direct Energy,2009-12-12 6:37:05 AM,2012-08-05 9:18:03 PM,663
664,Electric,Direct Energy,2011-05-09 4:25:11 AM,2012-06-07 5:12:48 PM,664
665,Gas,Bruce Power,2012-12-15 6:54:52 AM,2013-12-08 7:22:09 PM,665
666,Heat,Direct Energy,2010-02-08 5:26:46 PM,2012-08-03 1:01:33 PM,666
667,Electric,Hydro One,2012-09-10 8:51:50 PM,2013-03-24 1:55:48 AM,667
668,Gas,Direct Energy,2011-02-01 9:56:11 PM,2013-05-07 6:45:04 AM,668
669,Electric,Bruce Power,2012-02-04 10:16:02 PM,2013-10-18 12:11:56 PM,669
670,Electric,Union Gas,2009-04-04 3:10:59 AM,2012-11-06 12:06:49 PM,670
671,Heat,Union Gas,2011-01-31 5:35:54 PM,2013-03-26 8:30:12 PM,671
672,Heat,Hydro One,2009-01-26 5:40:58 PM,2011-03-24 12:58:41 AM,672
673,Gas,Bruce Power,2010-06-07 6:58:53 PM,2011-07-17 5:38:18 AM,673
674,Electric,Hydro One,2013-02-20 11:15:47 AM,2013-08-01 7:47:11 AM,674
675,Heat,Hydro One,2009-10-23 3:01:47 AM,2010-06-09 1:04:54 AM,675
676,Gas,Direct Energy,2011-03-16 12:05:11 AM,2012-06-08 5:11:09 PM,676
677,Heat,Direct Energy,2013-07-16 6:07:03 AM,2013-10-07 5:09:14 AM,677
678,Gas,Direct Energy,2011-08-09 10:33:20 AM,2013-02-20 7:43:09 PM,678
679,Heat,Bruce Power,2010-08-20 4:57:02 AM,2012-06-10 11:31:30 PM,679
680,Electric,Union Gas,2013-08-31 7:56:25 AM,2013-12-15 10:54:52 AM,680
681,Heat,Bruce Power,2012-09-21 4:31:25 AM,2013-03-28 7:25:52 PM,681
682,Heat,Union Gas,2009-05-07 8:55:06 PM,2013-08-05 5:08:07 AM,682
683,Electric,Bruce Power,2013-07-02 1:39:39 AM,2013-08-06 8:29:13 PM,683
684,Heat,Direct Energy,2010-08-31 9:22:09 AM,2010-09-22 6:18:15 AM,684
685,Heat,Union Gas,2012-06-12 11:21:08 AM,2012-09-15 10:03:30 PM,685
686,Heat,Union Gas,2011-05-16 10:37:41 AM,2013-10-28 1:45:23 PM,686
687,Electric,Union Gas,2010-05-05 8:53:21 AM,2011-12-20 9:07:36 PM,687
688,Heat,Hydro One,2011-01-05 8:57:45 PM,2012-01-13 9:56:11 AM,688
689,Electric,Hydro One,2010-07-06 10:11:15 PM,2012-02-19 8:00:02 PM,689
690,Heat,Bruce Power,2009-04-16 1:41:18 AM,2012-10-01 10:00:58 PM,690
691,Gas,Bruce Power,2012-06-27 5:59:56 PM,2012-11-11 7:55:01 PM,691
692,Gas,Bruce Power,2013-12-05 2:46:22 AM,2013-12-24 2:10:50 PM,692
693,Electric,Bruce Power,2013-08-04 4:11:01 AM,2013-10-23 1:45:05 AM,693
694,Gas,Union Gas,2011-06-29 8:24:01 PM,2013-07-23 9:49:27 AM,694
695,Electric,Hydro One,2012-10-22 2:24:00 PM,2013-07-11 2:31:58 AM,695
696,Electric,Union Gas,2013-05-03 11:40:16 AM,2013-06-17 10:55:04 PM,696
697,Gas,Hydro One,2012-05-21 9:17:18 PM,2012-11-06 1:15:11 AM,697
698,Gas,Hydro One,2010-08-13 5:30:43 PM,2011-02-10 5:33:26 PM,698
699,Heat,Direct Energy,2011-03-12 5:21:55 AM,2012-08-09 10:35:12 AM,699
700,Electric,Bruce Power,2010-12-31 5:04:51 AM,2013-05-28 9:41:24 PM,700
701,Gas,Hydro One,2010-05-06 6:23:30 PM,2013-08-30 12:58:11 AM,701
702,Gas,Hydro One,2010-08-10 4:17:38 AM,2011-08-04 2:30:32 AM,702
703,Gas,Direct Energy,2009-09-10 7:31:53 AM,2011-09-12 7:48:05 AM,703
704,Gas,Hydro One,2013-02-11 3:12:09 AM,2013-07-15 7:23:52 AM,704
705,Gas,Union Gas,2013-10-18 9:03:33 PM,2013-11-16 1:20:55 AM,705
706,Heat,Direct Energy,2013-03-07 5:22:04 AM,2013-07-04 12:24:05 PM,706
707,Electric,Hydro One,2009-10-25 8:05:21 AM,2011-05-16 6:56:54 AM,707
708,Electric,Direct Energy,2010-10-15 2:57:27 PM,2013-12-12 8:37:48 AM,708
709,Gas,Union Gas,2013-04-15 12:19:41 AM,2013-04-20 1:31:46 PM,709
710,Heat,Hydro One,2009-05-22 4:35:07 AM,2013-10-14 10:21:30 PM,710
711,Heat,Union Gas,2013-10-28 6:31:20 AM,2013-11-12 3:04:05 AM,711
712,Heat,Hydro One,2011-11-02 9:01:37 AM,2013-01-25 5:28:27 PM,712
713,Heat,Union Gas,2013-10-13 11:19:45 PM,2013-12-23 3:56:10 AM,713
714,Heat,Direct Energy,2013-06-05 5:55:46 AM,2013-12-02 7:37:19 PM,714
715,Electric,Bruce Power,2012-05-21 2:11:51 AM,2013-07-29 6:29:02 AM,715
716,Gas,Hydro One,2013-09-09 5:15:46 PM,2013-12-11 2:41:11 AM,716
717,Heat,Union Gas,2009-01-08 5:16:15 AM,2011-06-08 2:08:08 AM,717
718,Gas,Bruce Power,2013-06-17 3:06:29 PM,2013-10-12 7:00:12 AM,718
719,Heat,Union Gas,2010-09-07 1:46:35 PM,2013-06-04 11:59:31 AM,719
720,Heat,Direct Energy,2012-07-19 11:49:57 PM,2012-07-26 10:43:40 AM,720
721,Electric,Union Gas,2010-03-31 3:10:40 PM,2012-10-28 11:17:25 AM,721
722,Electric,Hydro One,2012-08-20 4:39:39 AM,2013-06-13 2:00:01 PM,722
723,Electric,Hydro One,2011-09-02 3:39:45 AM,2011-12-22 11:33:37 AM,723
724,Heat,Direct Energy,2009-05-23 1:05:22 AM,2009-07-21 1:04:10 PM,724
725,Gas,Direct Energy,2013-06-01 2:17:51 AM,2013-09-13 10:28:15 AM,725
726,Electric,Hydro One,2010-07-20 4:32:22 AM,2011-04-03 11:37:15 AM,726
727,Electric,Hydro One,2013-03-05 7:55:58 PM,2013-04-02 6:40:49 PM,727
728,Electric,Bruce Power,2009-07-30 5:13:17 AM,2012-03-13 5:14:51 PM,728
729,Gas,Direct Energy,2009-02-02 7:01:17 AM,2012-05-24 1:34:06 PM,729
730,Electric,Bruce Power,2009-08-19 9:45:30 AM,2013-08-14 7:36:20 AM,730
731,Electric,Hydro One,2009-11-26 7:00:22 AM,2011-07-31 11:31:00 AM,731
732,Heat,Bruce Power,2011-08-05 8:39:37 PM,2012-09-12 5:47:18 AM,732
733,Heat,Union Gas,2012-11-29 9:15:24 PM,2013-12-09 5:16:59 AM,733
734,Electric,Direct Energy,2010-05-21 6:06:39 PM,2011-03-05 6:23:55 PM,734
735,Electric,Union Gas,2009-06-19 8:45:17 PM,2013-06-17 3:29:26 AM,735
736,Gas,Bruce Power,2009-08-19 4:27:06 PM,2011-03-05 11:59:17 AM,736
737,Heat,Bruce Power,2009-01-14 12:23:09 AM,2012-03-08 4:31:24 AM,737
738,Electric,Hydro One,2013-11-23 11:18:23 PM,2013-12-11 3:05:31 AM,738
739,Electric,Hydro One,2013-06-04 3:51:20 AM,2013-08-07 4:05:27 PM,739
740,Gas,Bruce Power,2009-09-30 10:15:19 AM,2012-09-12 5:21:56 AM,740
741,Electric,Bruce Power,2009-01-28 7:17:17 PM,2012-05-16 7:09:12 AM,741
742,Gas,Union Gas,2012-11-28 7:50:25 PM,2013-07-30 8:59:11 PM,742
743,Electric,Union Gas,2011-05-06 2:55:06 AM,2013-10-10 5:51:35 PM,743
744,Gas,Bruce Power,2009-03-04 8:10:47 PM,2009-11-23 8:11:53 PM,744
745,Heat,Bruce Power,2012-05-10 9:58:19 AM,2013-06-17 11:13:09 AM,745
746,Heat,Direct Energy,2013-03-10 1:44:14 AM,2013-10-31 5:11:56 AM,746
747,Heat,Hydro One,2009-04-30 9:25:01 PM,2011-04-24 1:24:30 AM,747
748,Electric,Hydro One,2013-05-09 3:46:06 AM,2013-11-21 4:23:27 PM,748
749,Electric,Hydro One,2010-04-05 11:33:05 AM,2010-04-12 9:58:56 AM,749
750,Heat,Hydro One,2013-08-22 3:04:02 PM,2013-10-03 9:51:00 PM,750
751,Gas,Hydro One,2010-11-06 7:18:31 AM,2013-06-22 11:21:59 AM,751
752,Electric,Bruce Power,2009-03-06 6:03:23 AM,2010-02-19 6:30:34 AM,752
753,Gas,Bruce Power,2011-03-30 12:15:31 AM,2013-01-25 9:36:54 PM,753
754,Electric,Bruce Power,2013-06-16 10:45:00 AM,2013-07-02 4:33:32 PM,754
755,Heat,Hydro One,2013-10-15 2:06:00 PM,2013-12-24 8:53:21 AM,755
756,Heat,Hydro One,2011-03-05 12:38:03 AM,2011-04-11 6:23:03 AM,756
757,Heat,Bruce Power,2009-09-22 1:59:11 AM,2010-12-10 10:39:44 PM,757
758,Gas,Union Gas,2010-08-15 4:27:16 AM,2011-02-14 2:57:11 PM,758
759,Gas,Union Gas,2012-02-03 6:42:24 PM,2013-08-16 6:43:56 AM,759
760,Electric,Union Gas,2011-07-17 11:30:34 PM,2011-12-28 11:21:18 AM,760
761,Heat,Union Gas,2013-02-11 4:13:51 PM,2013-03-19 3:03:47 AM,761
762,Heat,Union Gas,2013-05-01 7:49:43 AM,2013-08-12 7:12:07 AM,762
763,Electric,Union Gas,2010-03-16 11:47:56 AM,2013-01-06 6:03:32 PM,763
764,Gas,Bruce Power,2012-08-23 1:21:03 AM,2013-04-15 6:47:43 AM,764
765,Gas,Hydro One,2010-09-28 4:56:29 PM,2011-06-11 2:21:44 PM,765
766,Gas,Union Gas,2009-03-27 3:32:18 PM,2010-04-15 2:16:53 PM,766
767,Gas,Hydro One,2011-01-01 7:46:27 PM,2011-11-12 7:24:34 PM,767
768,Heat,Union Gas,2010-07-21 10:41:20 PM,2012-08-20 10:32:48 AM,768
769,Electric,Union Gas,2013-02-01 7:00:39 PM,2013-05-15 10:11:27 AM,769
770,Heat,Hydro One,2011-12-20 9:42:32 PM,2012-01-22 11:24:23 AM,770
771,Heat,Bruce Power,2009-01-21 7:40:11 AM,2009-02-12 2:00:52 AM,771
772,Gas,Direct Energy,2011-06-02 10:57:19 AM,2013-01-31 8:18:46 AM,772
773,Electric,Union Gas,2011-08-27 4:37:43 AM,2012-04-28 3:55:39 PM,773
774,Electric,Union Gas,2012-03-15 1:47:00 AM,2012-07-31 5:12:18 PM,774
775,Heat,Hydro One,2013-08-24 2:58:57 AM,2013-09-18 11:17:57 AM,775
776,Heat,Union Gas,2011-02-08 1:15:55 PM,2012-05-29 10:51:11 AM,776
777,Electric,Hydro One,2010-03-09 12:12:06 PM,2010-04-15 8:41:35 PM,777
778,Electric,Bruce Power,2009-02-27 11:01:53 AM,2012-12-03 6:38:01 AM,778
779,Heat,Bruce Power,2012-10-25 6:37:51 PM,2012-11-17 9:11:55 PM,779
780,Heat,Union Gas,2013-04-23 10:41:08 PM,2013-12-13 5:57:15 PM,780
781,Gas,Direct Energy,2012-05-10 11:01:09 PM,2012-12-27 2:57:25 PM,781
782,Heat,Direct Energy,2011-11-01 7:17:52 PM,2013-11-22 3:53:08 PM,782
783,Heat,Direct Energy,2013-10-11 7:24:26 PM,2013-12-25 2:18:09 PM,783
784,Heat,Union Gas,2011-05-19 2:18:10 AM,2012-12-10 5:57:28 AM,784
785,Heat,Bruce Power,2013-08-17 5:51:54 AM,2013-08-24 12:30:10 AM,785
786,Heat,Union Gas,2010-04-07 7:18:50 PM,2012-04-24 12:56:01 PM,786
787,Gas,Hydro One,2010-07-19 4:37:11 PM,2011-04-21 12:38:30 PM,787
788,Gas,Hydro One,2010-12-05 11:19:34 PM,2012-04-04 1:17:35 PM,788
789,Gas,Hydro One,2009-05-03 7:12:07 PM,2013-04-17 6:02:35 PM,789
790,Gas,Union Gas,2009-12-28 11:39:20 PM,2010-10-13 1:28:42 AM,790
791,Gas,Union Gas,2009-07-31 11:47:00 AM,2010-05-03 6:11:26 AM,791
792,Heat,Union Gas,2012-04-12 9:28:40 AM,2013-08-10 6:16:17 AM,792
793,Gas,Direct Energy,2009-07-11 8:48:01 AM,2013-03-12 3:59:18 PM,793
794,Gas,Union Gas,2012-06-10 6:21:02 PM,2013-04-27 11:14:24 AM,794
795,Electric,Bruce Power,2011-10-16 4:58:06 PM,2012-02-11 5:53:11 AM,795
796,Electric,Direct Energy,2013-01-22 1:35:43 PM,2013-07-12 7:58:28 AM,796
797,Heat,Union Gas,2011-03-27 7:17:03 PM,2013-10-29 6:54:52 AM,797
798,Gas,Direct Energy,2013-01-26 8:30:51 AM,2013-07-28 7:33:49 AM,798
799,Gas,Union Gas,2013-07-16 9:06:23 PM,2013-11-08 1:30:27 PM,799
800,Gas,Union Gas,2009-03-30 5:24:14 PM,2013-02-27 9:28:58 PM,800
801,Gas,Union Gas,2010-10-14 6:50:27 PM,2012-04-18 4:52:19 PM,801
802,Electric,Direct Energy,2009-04-16 3:12:58 PM,2010-07-25 6:20:18 AM,802
803,Electric,Direct Energy,2010-06-07 11:54:16 PM,2011-11-04 4:08:02 PM,803
804,Gas,Hydro One,2013-06-10 5:19:16 AM,2013-08-15 11:17:19 AM,804
805,Electric,Union Gas,2012-09-25 11:12:36 AM,2013-04-14 2:05:22 AM,805
806,Electric,Direct Energy,2012-05-01 9:27:11 PM,2012-06-04 1:42:39 PM,806
807,Gas,Union Gas,2011-06-09 8:59:12 AM,2012-10-13 8:31:55 AM,807
808,Heat,Hydro One,2012-07-09 5:51:19 AM,2013-01-26 10:59:23 PM,808
809,Electric,Union Gas,2012-05-12 7:19:21 AM,2012-07-26 10:11:29 PM,809
810,Heat,Direct Energy,2009-10-01 11:14:50 AM,2012-05-19 8:07:34 AM,810
811,Gas,Bruce Power,2010-07-27 1:29:32 AM,2011-04-19 7:51:32 AM,811
812,Gas,Bruce Power,2010-03-18 2:27:22 AM,2013-08-16 4:39:23 PM,812
813,Heat,Hydro One,2011-07-11 2:52:01 AM,2012-02-11 1:21:12 PM,813
814,Heat,Bruce Power,2010-03-05 6:12:22 AM,2011-10-31 10:27:22 AM,814
815,Electric,Direct Energy,2011-05-24 11:18:20 AM,2013-02-19 7:52:07 PM,815
816,Electric,Union Gas,2013-06-06 5:30:32 AM,2013-11-25 10:35:07 AM,816
817,Gas,Hydro One,2010-12-22 4:47:33 AM,2013-07-27 5:46:09 PM,817
818,Gas,Bruce Power,2013-06-21 5:32:37 PM,2013-12-14 5:16:49 PM,818
819,Gas,Union Gas,2011-08-03 9:37:11 PM,2011-12-25 2:46:44 AM,819
820,Electric,Hydro One,2011-05-08 1:44:14 AM,2012-04-01 2:51:58 AM,820
821,Heat,Bruce Power,2009-01-28 7:40:34 PM,2013-04-15 9:30:44 AM,821
822,Electric,Union Gas,2011-01-09 8:44:46 PM,2013-09-26 8:59:38 PM,822
823,Heat,Union Gas,2012-01-09 6:20:56 PM,2013-12-06 7:19:36 PM,823
824,Heat,Union Gas,2010-04-21 2:03:44 AM,2011-03-05 6:13:17 PM,824
825,Heat,Union Gas,2010-03-03 9:08:45 AM,2012-03-15 5:49:16 PM,825
826,Heat,Union Gas,2012-08-11 11:20:47 AM,2013-10-04 9:38:22 AM,826
827,Gas,Hydro One,2011-06-14 6:55:49 PM,2013-07-26 11:17:03 AM,827
828,Gas,Hydro One,2011-03-19 3:12:40 PM,2012-04-01 7:50:40 PM,828
829,Heat,Bruce Power,2011-06-02 11:02:15 PM,2011-11-30 5:12:05 PM,829
830,Gas,Hydro One,2010-11-04 1:33:07 AM,2012-10-05 11:05:04 AM,830
831,Electric,Hydro One,2013-07-03 6:59:38 AM,2013-07-22 8:08:13 PM,831
832,Heat,Direct Energy,2012-09-29 6:47:18 AM,2013-01-22 6:48:11 PM,832
833,Electric,Direct Energy,2012-10-10 5:40:59 PM,2013-12-25 7:39:45 AM,833
834,Electric,Bruce Power,2010-06-24 4:13:39 AM,2012-07-01 9:21:07 PM,834
835,Heat,Direct Energy,2011-03-21 12:16:43 AM,2011-11-11 5:13:16 AM,835
836,Heat,Bruce Power,2011-02-15 7:43:12 AM,2011-03-14 12:20:59 PM,836
837,Gas,Hydro One,2010-03-14 4:30:11 PM,2012-06-24 12:22:33 PM,837
838,Gas,Direct Energy,2013-03-17 3:21:57 PM,2013-11-24 10:36:13 PM,838
839,Heat,Bruce Power,2013-10-19 4:23:15 AM,2013-11-27 10:23:14 AM,839
840,Heat,Direct Energy,2013-11-25 7:53:28 PM,2013-12-06 3:56:46 PM,840
841,Heat,Hydro One,2010-06-24 4:59:36 PM,2012-06-24 2:23:05 PM,841
842,Electric,Hydro One,2010-05-23 5:25:43 PM,2013-04-28 2:07:30 AM,842
843,Gas,Direct Energy,2009-09-27 9:18:35 AM,2010-09-01 11:45:16 AM,843
844,Electric,Direct Energy,2012-08-21 4:37:29 AM,2013-01-05 11:49:23 PM,844
845,Gas,Hydro One,2009-06-17 8:12:32 AM,2013-04-25 8:17:42 PM,845
846,Gas,Union Gas,2013-06-25 4:52:51 PM,2013-09-02 4:15:06 AM,846
847,Electric,Direct Energy,2009-09-19 8:35:35 PM,2013-11-27 1:00:23 PM,847
848,Heat,Hydro One,2013-03-14 11:29:41 PM,2013-09-08 3:21:41 PM,848
849,Heat,Union Gas,2012-04-01 11:36:14 AM,2012-09-17 10:39:41 AM,849
850,Gas,Hydro One,2013-12-20 12:34:07 AM,2013-12-29 11:56:37 PM,850
851,Heat,Bruce Power,2012-03-17 12:58:19 AM,2012-12-13 7:44:27 AM,851
852,Heat,Hydro One,2012-12-04 5:10:48 AM,2013-06-25 12:12:38 AM,852
853,Gas,Direct Energy,2013-05-16 11:54:05 AM,2013-09-23 5:26:50 AM,853
854,Electric,Union Gas,2010-07-16 2:17:45 PM,2013-03-19 5:32:01 AM,854
855,Electric,Bruce Power,2011-01-02 4:04:04 PM,2011-06-23 4:48:06 AM,855
856,Heat,Direct Energy,2009-11-13 1:19:43 AM,2010-11-09 9:49:10 AM,856
857,Heat,Union Gas,2009-04-26 11:53:18 AM,2012-10-27 10:34:20 AM,857
858,Gas,Hydro One,2009-03-22 3:52:50 AM,2010-01-18 9:54:05 AM,858
859,Heat,Union Gas,2009-10-21 1:19:31 PM,2010-04-22 2:31:36 AM,859
860,Electric,Hydro One,2013-01-22 10:37:22 PM,2013-12-22 12:44:57 PM,860
861,Heat,Direct Energy,2009-01-28 9:19:19 AM,2010-07-09 8:56:56 AM,861
862,Electric,Union Gas,2011-10-11 3:03:03 PM,2012-10-30 4:36:25 PM,862
863,Electric,Hydro One,2011-11-05 9:47:41 PM,2012-03-27 2:30:07 PM,863
864,Heat,Bruce Power,2011-10-24 2:56:07 AM,2013-05-24 11:30:39 AM,864
865,Heat,Union Gas,2011-09-24 11:40:48 PM,2013-06-28 10:03:56 PM,865
866,Gas,Direct Energy,2012-12-27 9:04:56 AM,2013-10-28 1:32:33 AM,866
867,Heat,Direct Energy,2009-03-14 3:07:14 PM,2013-05-28 3:14:16 PM,867
868,Electric,Bruce Power,2013-09-14 7:49:43 AM,2013-10-21 6:58:45 AM,868
869,Heat,Union Gas,2011-09-26 1:59:11 AM,2013-04-04 3:38:43 AM,869
870,Heat,Union Gas,2010-11-04 3:58:27 AM,2013-11-19 12:07:36 AM,870
871,Electric,Direct Energy,2012-11-06 11:12:11 PM,2013-02-03 7:19:17 AM,871
872,Heat,Direct Energy,2009-04-26 5:41:55 AM,2013-07-02 3:39:39 AM,872
873,Heat,Hydro One,2011-05-01 6:09:41 PM,2012-01-24 10:36:22 AM,873
874,Gas,Bruce Power,2009-12-09 2:12:55 PM,2012-01-22 2:56:58 AM,874
875,Heat,Bruce Power,2012-12-07 5:41:56 PM,2013-11-08 12:57:43 AM,875
876,Heat,Hydro One,2009-03-02 11:10:47 PM,2010-10-12 10:27:50 AM,876
877,Heat,Hydro One,2013-05-27 4:09:06 PM,2013-10-19 11:40:24 AM,877
878,Gas,Hydro One,2011-06-16 8:56:03 AM,2013-02-21 8:11:21 AM,878
879,Heat,Bruce Power,2012-05-17 11:30:54 AM,2013-03-08 9:59:33 PM,879
880,Heat,Hydro One,2013-03-05 7:10:31 AM,2013-03-28 3:16:28 PM,880
881,Gas,Bruce Power,2011-02-07 9:03:33 PM,2011-10-25 3:06:30 PM,881
882,Heat,Bruce Power,2012-08-03 7:21:15 AM,2013-10-22 5:44:54 PM,882
883,Heat,Hydro One,2011-11-06 6:52:54 AM,2012-11-30 8:30:12 PM,883
884,Heat,Bruce Power,2010-11-02 8:29:26 PM,2012-07-01 3:13:09 PM,884
885,Heat,Hydro One,2013-09-25 8:50:36 AM,2013-11-25 5:23:07 PM,885
886,Heat,Union Gas,2012-10-22 7:40:03 AM,2013-01-29 3:53:50 PM,886
887,Gas,Bruce Power,2010-07-06 8:40:49 AM,2012-08-04 7:20:10 PM,887
888,Gas,Bruce Power,2013-05-19 4:01:54 AM,2013-07-10 4:07:43 AM,888
889,Electric,Hydro One,2009-12-11 8:10:50 AM,2011-01-11 9:30:01 AM,889
890,Heat,Bruce Power,2013-10-31 6:08:20 AM,2013-11-26 12:04:38 AM,890
891,Heat,Union Gas,2012-03-31 9:32:37 AM,2013-04-30 12:38:09 PM,891
892,Heat,Union Gas,2009-05-10 7:12:51 AM,2012-07-31 10:19:48 AM,892
893,Heat,Direct Energy,2010-07-16 6:57:31 PM,2013-04-17 4:26:22 PM,893
894,Electric,Hydro One,2009-04-28 6:43:21 PM,2013-04-07 11:53:45 AM,894
895,Heat,Direct Energy,2010-07-16 6:38:51 AM,2011-08-21 1:27:50 PM,895
896,Heat,Hydro One,2013-04-03 6:56:49 AM,2013-05-19 8:28:58 PM,896
897,Heat,Hydro One,2010-04-11 1:15:25 PM,2013-05-12 8:23:08 PM,897
898,Gas,Hydro One,2011-09-18 5:03:06 PM,2012-05-24 8:43:54 AM,898
899,Heat,Direct Energy,2013-07-13 7:39:32 AM,2013-11-24 4:46:39 PM,899
900,Gas,Hydro One,2013-06-08 11:55:39 AM,2013-10-21 8:49:51 PM,900
901,Gas,Union Gas,2010-06-13 4:41:44 AM,2011-06-12 11:38:12 AM,901
902,Heat,Bruce Power,2010-09-25 4:57:17 AM,2013-07-08 12:00:47 AM,902
903,Electric,Direct Energy,2013-10-28 11:05:37 AM,2013-12-21 5:47:33 AM,903
904,Electric,Bruce Power,2013-12-22 3:50:36 AM,2013-12-29 12:30:53 AM,904
905,Gas,Direct Energy,2009-11-18 5:35:00 AM,2010-05-16 2:41:44 PM,905
906,Electric,Bruce Power,2013-12-21 5:45:13 PM,2013-12-28 7:42:16 AM,906
907,Heat,Hydro One,2010-04-28 12:01:44 AM,2012-01-22 6:18:10 PM,907
908,Electric,Bruce Power,2013-08-13 9:21:16 AM,2013-10-03 7:44:44 PM,908
909,Electric,Union Gas,2012-03-21 3:06:05 PM,2012-12-12 5:54:38 PM,909
910,Heat,Direct Energy,2013-01-21 9:40:15 PM,2013-06-20 2:52:21 AM,910
911,Heat,Bruce Power,2012-08-07 4:54:00 PM,2013-01-21 3:18:41 PM,911
912,Gas,Union Gas,2012-07-07 5:32:03 AM,2013-07-03 6:57:55 AM,912
913,Gas,Direct Energy,2011-11-05 2:22:46 AM,2013-06-23 10:18:28 PM,913
914,Gas,Bruce Power,2013-04-22 4:59:07 PM,2013-05-25 6:28:58 PM,914
915,Heat,Hydro One,2012-05-29 7:33:29 PM,2013-02-06 8:25:39 PM,915
916,Gas,Hydro One,2011-11-25 5:38:11 PM,2013-02-05 3:24:25 AM,916
917,Heat,Bruce Power,2011-05-30 2:38:52 AM,2013-05-29 8:46:43 AM,917
918,Heat,Direct Energy,2013-06-21 9:03:35 AM,2013-07-26 4:57:41 PM,918
919,Gas,Direct Energy,2012-11-10 9:29:13 AM,2013-11-09 5:02:33 PM,919
920,Electric,Union Gas,2009-01-25 11:15:25 AM,2010-11-04 12:04:38 AM,920
921,Electric,Union Gas,2011-12-19 5:20:24 PM,2012-12-12 6:18:58 AM,921
922,Heat,Union Gas,2009-08-27 6:22:37 PM,2012-08-06 3:48:54 AM,922
923,Gas,Direct Energy,2013-01-16 6:22:37 PM,2013-07-19 9:56:36 AM,923
924,Electric,Union Gas,2012-01-09 6:20:38 PM,2013-07-24 11:13:30 PM,924
925,Heat,Direct Energy,2010-10-11 6:39:31 AM,2013-10-04 5:39:37 PM,925
926,Electric,Bruce Power,2012-05-08 4:06:11 PM,2012-06-04 2:20:57 AM,926
927,Heat,Direct Energy,2013-03-13 10:18:27 AM,2013-09-04 2:16:14 AM,927
928,Electric,Union Gas,2012-06-07 2:12:47 AM,2013-06-16 1:12:45 PM,928
929,Gas,Direct Energy,2010-05-05 11:42:49 PM,2012-09-03 3:20:45 AM,929
930,Heat,Union Gas,2009-06-01 3:32:25 PM,2013-03-21 8:09:52 AM,930
931,Electric,Direct Energy,2012-08-04 5:12:18 PM,2012-11-10 11:07:24 AM,931
932,Electric,Direct Energy,2011-07-18 12:29:53 PM,2013-05-04 6:16:30 PM,932
933,Heat,Bruce Power,2010-10-26 9:01:13 PM,2013-07-26 8:44:50 PM,933
934,Electric,Union Gas,2010-03-27 11:37:41 AM,2013-06-13 3:14:06 PM,934
935,Gas,Direct Energy,2010-12-18 2:48:06 AM,2013-06-20 10:51:42 PM,935
936,Heat,Bruce Power,2009-11-23 6:59:10 PM,2013-07-20 7:59:41 AM,936
937,Electric,Direct Energy,2013-10-25 5:58:03 AM,2013-11-12 7:18:57 PM,937
938,Gas,Direct Energy,2012-12-25 7:58:13 PM,2013-09-07 3:26:13 PM,938
939,Gas,Direct Energy,2010-04-16 11:10:41 AM,2013-11-28 12:50:14 AM,939
940,Gas,Hydro One,2012-03-17 10:55:53 PM,2013-10-11 3:08:23 PM,940
941,Electric,Direct Energy,2013-09-17 11:19:07 AM,2013-11-09 5:16:34 PM,941
942,Gas,Direct Energy,2010-07-28 2:46:06 AM,2012-02-08 2:05:26 AM,942
943,Electric,Direct Energy,2010-01-28 3:00:32 PM,2013-01-17 6:12:12 AM,943
944,Heat,Direct Energy,2013-07-11 6:29:38 PM,2013-11-25 7:17:36 PM,944
945,Heat,Hydro One,2009-11-15 1:37:12 PM,2013-12-10 12:20:56 AM,945
946,Gas,Hydro One,2011-02-20 11:25:37 PM,2013-08-07 4:04:20 AM,946
947,Heat,Union Gas,2009-01-08 9:58:00 PM,2011-01-12 1:49:11 AM,947
948,Electric,Hydro One,2009-02-17 1:34:32 AM,2012-02-24 8:17:27 AM,948
949,Electric,Hydro One,2009-08-14 2:51:12 AM,2011-11-25 11:34:21 PM,949
950,Electric,Direct Energy,2009-11-06 5:40:43 PM,2011-02-13 8:38:28 PM,950
951,Electric,Direct Energy,2012-04-13 1:38:15 AM,2012-06-19 6:19:05 PM,951
952,Electric,Direct Energy,2009-07-31 1:19:15 AM,2012-12-22 12:01:43 AM,952
953,Gas,Union Gas,2013-05-15 9:31:38 PM,2013-12-17 3:06:11 AM,953
954,Gas,Union Gas,2011-12-14 11:52:46 AM,2012-02-15 10:53:16 PM,954
955,Heat,Hydro One,2012-11-20 5:14:27 PM,2013-04-11 6:17:03 PM,955
956,Gas,Direct Energy,2009-10-26 2:26:31 AM,2010-04-29 5:26:47 PM,956
957,Gas,Union Gas,2012-02-26 12:40:13 AM,2013-08-28 2:26:37 AM,957
958,Heat,Hydro One,2013-04-23 12:36:11 AM,2013-06-18 3:03:12 PM,958
959,Electric,Hydro One,2012-01-10 1:15:52 PM,2013-10-06 7:47:04 PM,959
960,Heat,Hydro One,2009-02-18 4:24:36 PM,2013-12-28 8:59:37 PM,960
961,Gas,Direct Energy,2010-09-10 6:43:38 PM,2011-11-02 8:07:43 PM,961
962,Heat,Bruce Power,2012-11-14 11:37:07 PM,2013-07-24 1:46:43 AM,962
963,Heat,Direct Energy,2012-09-14 5:10:25 PM,2012-12-22 5:49:31 PM,963
964,Electric,Direct Energy,2010-10-08 11:15:37 AM,2012-05-31 2:38:06 PM,964
965,Heat,Direct Energy,2009-05-30 6:55:33 PM,2009-10-13 3:03:47 AM,965
966,Electric,Bruce Power,2009-01-30 12:31:06 PM,2012-05-13 9:54:15 AM,966
967,Electric,Hydro One,2009-09-02 5:53:55 PM,2013-09-22 12:39:01 AM,967
968,Heat,Hydro One,2013-05-28 12:18:02 AM,2013-07-31 1:51:14 PM,968
969,Electric,Union Gas,2010-07-06 6:14:03 PM,2012-06-17 1:55:46 PM,969
970,Gas,Direct Energy,2010-05-22 2:51:21 PM,2011-07-15 6:54:02 AM,970
971,Gas,Hydro One,2012-06-01 8:35:52 PM,2013-06-09 1:17:03 AM,971
972,Gas,Union Gas,2013-11-16 7:49:08 AM,2013-12-30 6:59:55 AM,972
973,Heat,Bruce Power,2013-04-27 12:18:00 PM,2013-07-05 8:36:04 PM,973
974,Heat,Direct Energy,2009-09-04 3:02:13 AM,2011-02-26 1:31:30 AM,974
975,Electric,Direct Energy,2012-09-03 11:22:35 PM,2013-06-25 9:45:33 PM,975
976,Electric,Hydro One,2010-01-28 2:50:24 PM,2011-03-31 2:11:46 PM,976
977,Gas,Hydro One,2009-07-26 10:47:36 PM,2013-09-29 12:47:03 PM,977
978,Heat,Direct Energy,2012-05-23 8:58:22 PM,2013-09-03 4:53:50 AM,978
979,Heat,Hydro One,2012-06-15 6:09:53 AM,2013-01-18 3:24:13 PM,979
980,Electric,Bruce Power,2011-06-03 1:43:19 PM,2012-11-13 8:45:50 AM,980
981,Gas,Direct Energy,2013-10-06 5:25:55 AM,2013-11-17 10:53:18 AM,981
982,Gas,Union Gas,2011-07-26 9:51:14 PM,2011-10-21 2:26:21 AM,982
983,Heat,Direct Energy,2009-02-12 1:44:24 PM,2010-06-19 3:23:43 AM,983
984,Heat,Direct Energy,2010-08-23 3:19:57 PM,2012-05-06 10:24:18 AM,984
985,Gas,Bruce Power,2011-01-21 8:52:25 PM,2013-04-28 8:11:12 AM,985
986,Gas,Bruce Power,2010-05-23 1:33:21 AM,2011-08-28 8:15:07 PM,986
987,Heat,Union Gas,2013-09-24 12:39:54 PM,2013-12-15 1:08:41 PM,987
988,Gas,Union Gas,2011-11-28 2:04:14 AM,2012-12-16 4:59:16 AM,988
989,Heat,Union Gas,2012-08-17 5:17:55 PM,2012-09-19 4:41:27 AM,989
990,Electric,Direct Energy,2009-05-08 7:50:37 AM,2011-04-19 5:05:01 AM,990
991,Heat,Hydro One,2009-09-29 9:31:07 PM,2011-07-29 4:43:46 AM,991
992,Electric,Hydro One,2010-12-31 10:01:56 AM,2011-03-13 8:14:47 PM,992
993,Gas,Hydro One,2010-12-19 8:34:05 PM,2011-12-17 12:32:46 PM,993
994,Gas,Direct Energy,2010-07-14 3:35:58 AM,2013-10-18 3:56:20 PM,994
995,Gas,Bruce Power,2012-04-12 1:50:02 PM,2012-11-24 7:57:54 PM,995
996,Electric,Union Gas,2012-01-23 5:08:31 PM,2012-02-06 2:56:18 PM,996
997,Heat,Hydro One,2011-12-06 12:43:34 AM,2012-08-27 8:08:56 AM,997
998,Gas,Bruce Power,2010-03-16 5:25:09 AM,2013-03-14 8:41:17 PM,998
999,Heat,Hydro One,2011-07-07 8:14:23 AM,2012-10-04 2:23:48 PM,999
